SAMPLE_ID,CATCH_HARVEST,CATCH_RELEASE,TOTAL_CAUGHT,LAKE_NUM,SAMPLE_DAY,HOURS_FISH,ANGLER_COUNT,ROD_COUNT,GUIDED,ORIGIN,CATCHING
8,0,0,0,1,6/9/2007,3.57,2,2,0,2,0
9,0,7,7,1,6/9/2007,7.47,2,2,0,2,1
11,0,0,0,1,6/9/2007,1.72,3,3,0,2,0
13,1,0,1,1,6/9/2007,6.77,2,2,0,2,1
14,1,0,1,1,6/9/2007,1.38,2,2,0,1,1
16,1,0,1,1,6/10/2007,5.15,2,2,0,2,1
17,3,0,3,1,6/10/2007,7,2,2,0,2,1
20,0,0,0,1,6/14/2007,4.38,3,3,0,1,0
22,1,0,1,1,6/17/2007,4.52,6,6,0,2,1
23,0,0,0,1,6/17/2007,2,2,2,0,2,0
24,0,0,0,1,6/17/2007,3.07,2,2,0,2,0
25,0,0,0,1,6/17/2007,3.08,2,2,0,2,0
26,0,0,0,1,6/17/2007,3.82,1,1,0,2,0
27,0,0,0,1,6/17/2007,1.75,2,2,0,2,0
28,0,1,1,1,6/17/2007,2.9,3,3,0,2,1
29,0,0,0,1,6/17/2007,1.9,1,1,0,2,0
30,0,0,0,1,6/17/2007,2.92,2,2,0,2,0
31,2,0,2,1,6/19/2007,4.2,2,2,0,2,1
32,0,0,0,1,6/23/2007,1.43,2,2,0,2,0
33,0,0,0,1,6/23/2007,2.92,2,2,0,2,0
34,0,0,0,1,6/23/2007,2.17,2,2,0,2,0
35,0,0,0,1,6/23/2007,3.17,1,1,0,1,0
36,0,0,0,1,6/23/2007,3.92,1,1,0,2,0
37,1,0,1,1,6/25/2007,2.17,1,1,0,2,1
39,1,0,1,1,6/28/2007,4.12,2,2,0,2,1
44,0,0,0,1,7/1/2007,4.17,4,4,0,2,0
45,1,0,1,1,7/1/2007,5.17,2,2,0,2,1
46,0,0,0,1,7/5/2007,2.32,2,2,0,2,0
47,4,1,5,1,7/6/2007,8,4,4,1,2,1
48,1,0,1,1,7/8/2007,5.58,4,4,0,2,1
49,2,0,2,1,7/8/2007,3.25,2,2,0,2,1
50,0,0,0,1,7/8/2007,0.98,2,2,0,2,0
51,0,0,0,1,7/8/2007,2,3,3,0,2,0
52,0,0,0,1,7/8/2007,11,2,2,0,2,0
53,0,0,0,1,7/8/2007,6.8,2,2,0,2,0
54,1,0,1,1,7/9/2007,3.25,2,2,0,2,1
55,0,0,0,1,7/12/2007,3.83,1,1,0,2,0
56,0,0,0,1,7/12/2007,2.75,1,1,0,2,0
57,0,1,1,1,7/14/2007,5.25,2,2,0,2,1
58,0,0,0,1,7/14/2007,1.75,3,3,0,2,0
59,0,0,0,1,7/14/2007,2.17,3,3,0,2,0
61,1,0,1,1,7/14/2007,3.75,2,2,0,2,1
62,1,0,1,1,7/28/2007,4.8,4,4,0,2,1
64,1,0,1,1,7/28/2007,3.83,2,2,0,2,1
66,1,0,1,1,7/28/2007,2.83,2,2,0,2,1
67,0,0,0,1,7/31/2007,2.72,2,2,0,2,0
68,0,0,0,1,8/4/2007,2.53,2,2,0,2,0
69,0,0,0,1,8/4/2007,3.52,2,2,0,2,0
71,0,0,0,1,8/4/2007,4.83,1,1,0,2,0
73,0,1,1,1,8/12/2007,2.25,2,2,0,2,1
76,1,0,1,1,8/12/2007,10.17,2,2,0,2,1
78,0,0,0,1,8/17/2007,3.5,2,2,0,2,1
80,0,0,0,1,8/17/2007,1.25,2,2,0,2,0
81,0,0,0,1,8/19/2007,2.25,2,2,0,2,0
82,0,0,0,1,8/19/2007,2.67,2,2,0,2,0
86,0,0,0,1,8/19/2007,3.25,1,1,0,2,0
87,0,0,0,1,8/19/2007,3.17,1,1,0,2,0
88,0,0,0,1,8/25/2007,4.75,2,2,0,2,0
89,0,1,1,1,8/25/2007,4.17,3,3,0,2,1
90,2,0,2,1,8/25/2007,6.33,3,3,0,2,1
91,0,0,0,1,8/28/2007,1.75,2,2,0,2,0
92,0,0,0,1,9/9/2007,2.35,2,2,0,2,0
93,0,0,0,1,9/9/2007,1.35,2,2,0,2,0
104,0,0,0,10,5/23/2009,3.75,3,3,0,2,0
121,1,1,2,10,5/31/2009,5,3,3,0,2,1
126,0,0,0,2,6/4/2009,0.08,1,1,0,2,0
127,0,1,1,2,6/4/2009,1.25,1,1,0,1,1
128,0,0,0,2,6/4/2009,0.5,1,1,0,1,0
131,0,0,0,2,6/4/2009,0.25,1,1,0,1,0
133,0,0,0,2,6/4/2009,0.33,1,1,0,2,0
139,0,0,0,10,6/6/2009,0.5,1,1,0,1,0
144,0,0,0,10,6/6/2009,2.75,4,4,0,2,0
147,0,0,0,10,6/6/2009,3.25,2,1,0,2,0
148,0,0,0,10,6/6/2009,2.25,2,2,0,2,0
149,0,0,0,2,6/6/2009,0.58,1,1,0,1,0
150,0,0,0,2,6/6/2009,6.83,1,1,0,2,0
151,0,4,4,10,6/6/2009,6.58,2,2,0,1,1
152,0,0,0,10,6/6/2009,1,2,2,0,2,0
153,4,0,4,10,6/6/2009,0.33,2,2,0,2,1
156,0,0,0,2,6/7/2009,0.5,1,1,0,1,0
158,0,0,0,2,6/7/2009,0.33,1,1,0,1,0
159,0,0,0,10,6/7/2009,3.25,2,2,0,2,0
163,0,0,0,2,6/7/2009,1.75,3,3,0,1,0
164,0,0,0,2,6/7/2009,1.08,1,1,0,1,0
168,0,0,0,10,6/7/2009,3.33,4,2,0,2,0
170,1,1,2,10,6/7/2009,6.42,2,2,0,1,1
171,0,0,0,2,6/7/2009,0.33,2,2,0,1,0
172,0,0,0,2,6/10/2009,1,1,1,0,1,0
177,0,0,0,2,6/12/2009,0.17,1,1,0,1,0
184,0,0,0,2,6/13/2009,0.17,1,1,0,1,0
185,0,0,0,2,6/13/2009,0.17,1,1,0,1,0
186,0,0,0,2,6/13/2009,0.67,1,1,0,1,0
187,0,0,0,2,6/16/2009,0.83,2,2,0,1,0
188,0,0,0,2,6/17/2009,1,1,1,0,1,0
189,0,0,0,2,6/17/2009,0.67,2,2,0,6,0
190,0,0,0,2,6/17/2009,1.83,1,1,0,1,0
191,0,0,0,2,6/17/2009,0.75,1,1,0,1,0
192,0,0,0,2,6/21/2009,1,1,1,0,2,0
194,0,0,0,2,6/22/2009,2,2,2,0,2,0
195,0,0,0,2,6/22/2009,0.42,1,1,0,1,0
198,0,0,0,2,6/25/2009,0.5,2,2,0,2,0
199,0,0,0,2,6/25/2009,0.5,1,1,0,1,0
200,0,0,0,2,6/25/2009,0.33,1,1,0,1,0
201,0,0,0,2,6/27/2009,1.75,2,2,0,1,0
204,1,0,1,2,6/27/2009,0.33,2,2,0,1,1
205,0,0,0,2,6/27/2009,1.33,2,2,0,2,0
208,0,0,0,2,6/27/2009,1.17,2,2,0,1,0
210,0,0,0,2,6/27/2009,0.42,2,2,0,4,0
212,0,0,0,10,6/27/2009,2.17,3,2,0,1,0
215,0,0,0,2,7/1/2009,1.42,1,1,0,1,0
216,0,0,0,2,7/1/2009,2.58,2,2,0,2,1
217,0,4,4,10,7/1/2009,5,2,2,0,2,1
218,0,0,0,2,7/1/2009,1.83,3,3,0,1,0
219,0,0,0,2,7/9/2009,1.33,2,2,0,1,0
221,0,0,0,2,7/9/2009,0.17,1,1,0,1,0
222,2,0,2,2,7/9/2009,4,1,1,0,1,1
223,1,0,1,2,7/9/2009,2.58,1,1,0,1,1
224,0,0,0,2,7/9/2009,3.17,1,1,0,1,0
225,0,0,0,2,7/9/2009,0.42,2,2,0,1,0
226,1,0,1,2,7/9/2009,3,1,1,0,1,1
229,1,0,1,2,7/9/2009,0.17,1,1,0,1,1
230,0,0,0,2,7/9/2009,1.33,1,1,0,1,0
233,0,0,0,2,7/9/2009,1.67,3,3,0,1,0
234,0,0,0,2,7/9/2009,1,1,1,0,1,0
235,0,0,0,2,7/9/2009,0.33,1,1,0,1,0
236,0,0,0,2,7/11/2009,1.08,1,1,0,1,0
237,1,0,1,2,7/11/2009,2.42,1,1,0,1,1
238,0,0,0,2,7/11/2009,0.33,1,1,0,1,0
239,0,0,0,2,7/11/2009,3.33,1,1,0,1,0
240,1,0,1,2,7/11/2009,2.42,2,2,0,2,1
241,0,0,0,2,7/11/2009,0.17,1,1,0,1,0
242,0,0,0,2,7/11/2009,0.92,2,2,0,2,0
243,0,0,0,10,7/11/2009,7.75,2,2,0,2,0
244,0,0,0,2,7/11/2009,0.75,2,2,0,1,0
248,0,0,0,2,7/11/2009,0.5,1,1,0,1,0
250,0,0,0,2,6/28/2009,0.17,1,1,0,1,0
251,0,0,0,2,6/28/2009,1.08,2,2,0,4,0
253,0,0,0,2,6/28/2009,1.92,1,1,0,2,0
254,0,0,0,2,6/28/2009,1.5,1,1,0,4,0
258,0,0,0,2,6/28/2009,0.67,2,2,0,2,0
260,0,0,0,2,6/28/2009,2.33,1,1,0,4,0
261,0,0,0,2,6/28/2009,0.42,2,2,0,1,0
262,0,0,0,2,6/28/2009,3.08,1,1,0,4,0
264,0,0,0,2,6/28/2009,1.58,2,2,0,1,0
265,0,0,0,2,6/28/2009,0.25,2,2,0,2,0
266,0,0,0,2,6/28/2009,1.67,3,3,0,1,1
267,0,0,0,2,7/12/2009,1,1,1,0,1,0
268,0,0,0,2,7/12/2009,0.17,1,1,0,1,0
270,4,0,4,10,7/12/2009,2,2,2,0,1,1
271,0,0,0,2,7/12/2009,3.83,2,2,0,1,0
274,0,0,0,2,7/12/2009,2.42,2,2,0,1,0
275,0,0,0,2,7/12/2009,0.58,2,2,0,2,0
276,0,0,0,2,7/12/2009,1.33,1,1,0,2,0
279,1,0,1,10,7/12/2009,4.58,2,2,0,2,1
281,0,0,0,2,7/12/2009,0.75,2,2,0,2,0
282,1,0,1,2,7/12/2009,4.58,2,2,0,1,1
283,0,0,0,2,7/12/2009,2.25,1,1,0,1,0
285,0,0,0,2,7/12/2009,1.42,2,2,0,2,0
286,0,1,1,10,7/12/2009,5,3,3,0,2,1
288,1,0,1,2,7/12/2009,2.25,2,2,0,1,1
290,0,0,0,2,7/12/2009,1.08,1,1,0,2,0
291,0,0,0,2,7/17/2009,6.42,1,1,0,2,0
292,1,0,1,2,7/17/2009,3.25,1,1,0,1,1
293,0,0,0,2,7/17/2009,2,2,2,0,1,1
294,2,0,2,2,7/17/2009,1.75,2,2,0,1,1
295,0,0,0,2,7/17/2009,0.17,1,1,0,1,0
297,0,0,0,2,7/17/2009,1.33,1,1,0,1,0
298,0,0,0,2,7/17/2009,0.92,2,2,0,1,0
299,0,0,0,2,7/18/2009,0.17,1,1,0,1,0
300,0,0,0,2,7/18/2009,0.25,2,1,0,1,0
301,0,0,0,2,7/18/2009,0.67,2,2,0,1,0
302,0,0,0,2,7/18/2009,1.17,2,1,0,1,0
304,0,0,0,2,7/18/2009,2.08,2,2,0,2,0
305,1,0,1,2,7/18/2009,4.17,2,2,0,1,1
307,0,0,0,2,7/18/2009,2.92,2,2,0,2,0
308,0,0,0,2,7/18/2009,2.58,1,1,0,2,0
309,0,0,0,2,7/18/2009,0.25,1,1,0,1,0
310,2,0,2,2,7/19/2009,3.67,2,2,0,2,1
314,0,0,0,2,7/19/2009,1.17,2,2,0,2,0
315,0,0,0,2,7/19/2009,3.67,3,3,0,2,0
316,0,0,0,2,7/19/2009,3.17,2,2,0,1,0
317,0,0,0,2,7/19/2009,2.42,1,1,0,1,0
318,0,0,0,2,7/19/2009,3.5,1,1,0,1,0
319,0,0,0,2,7/19/2009,1.08,1,1,0,1,0
320,0,0,0,2,7/19/2009,0.58,1,1,0,1,0
321,0,0,0,2,7/19/2009,1.5,1,1,0,1,0
322,0,0,0,2,7/19/2009,1.25,1,1,0,1,0
323,0,0,0,2,7/22/2009,1.5,1,1,0,1,0
325,0,0,0,2,7/22/2009,0.42,2,2,0,1,0
326,0,0,0,2,7/22/2009,0.83,2,2,0,2,0
328,0,0,0,2,7/22/2009,0.5,1,1,0,1,0
329,0,0,0,2,7/22/2009,0.58,1,1,0,1,0
331,1,0,1,2,7/28/2009,2.08,1,1,0,1,1
332,0,0,0,2,7/28/2009,2.25,1,1,0,1,0
333,4,0,4,10,7/28/2009,2.08,2,2,0,1,1
335,0,0,0,2,7/28/2009,0.25,1,1,0,1,0
336,0,0,0,2,7/28/2009,1.17,1,1,0,1,0
340,0,0,0,2,7/28/2009,1.25,2,2,0,1,0
341,0,0,0,2,7/28/2009,0.67,1,1,0,1,0
342,0,0,0,2,7/28/2009,1,1,1,0,1,0
343,0,0,0,10,8/1/2009,1.08,2,2,0,1,0
345,1,0,1,2,8/1/2009,2.17,3,3,0,1,1
346,0,0,0,2,8/1/2009,4.75,2,2,0,2,0
347,0,0,0,2,8/1/2009,1.92,1,1,0,1,0
348,0,0,0,2,8/1/2009,1.17,1,1,0,1,0
349,0,0,0,2,8/1/2009,3.08,1,1,0,1,0
350,0,0,0,2,8/1/2009,0.83,2,1,0,1,0
354,0,0,0,2,8/1/2009,0.58,1,1,0,2,0
355,0,0,0,2,8/6/2009,1.75,1,1,0,1,0
356,0,0,0,2,8/6/2009,1.25,2,1,0,1,0
357,0,0,0,2,8/6/2009,1.33,2,2,0,4,0
358,0,0,0,2,8/6/2009,2.83,1,1,0,2,0
359,0,0,0,2,8/6/2009,3.92,1,1,0,2,0
360,0,0,0,2,8/6/2009,2.17,1,1,0,2,0
361,0,0,0,2,8/6/2009,0.33,2,2,0,1,0
362,1,0,1,2,8/7/2009,2.75,2,2,0,2,1
363,0,0,0,2,8/7/2009,1.2,2,2,0,1,0
364,0,0,0,2,8/9/2009,0.75,2,2,0,1,0
366,0,0,0,2,8/9/2009,1.83,2,2,0,2,0
368,0,0,0,10,8/9/2009,4.08,1,1,0,2,0
369,0,0,0,2,8/9/2009,2.42,2,2,0,1,0
370,0,0,0,2,8/9/2009,0.67,2,2,0,2,0
372,0,0,0,2,8/10/2009,1,1,1,0,1,0
373,0,0,0,2,8/10/2009,0.33,2,2,0,1,0
375,0,0,0,2,8/10/2009,1.5,2,2,0,4,0
376,0,0,0,2,8/10/2009,2.5,2,2,0,2,0
377,0,0,0,2,8/10/2009,1.33,2,2,0,1,0
378,0,0,0,2,8/15/2009,0.5,1,1,0,2,0
379,0,0,0,2,8/15/2009,0.67,1,1,0,2,0
380,0,0,0,2,8/23/2009,1.33,1,1,0,1,0
383,0,0,0,2,8/23/2009,2.42,1,1,0,1,0
384,0,0,0,2,8/23/2009,1,2,2,0,2,0
386,0,0,0,2,8/23/2009,1.92,1,1,0,1,0
388,1,0,1,2,8/23/2009,1.75,1,1,0,2,1
389,0,0,0,2,8/23/2009,0.92,2,2,0,1,0
390,0,0,0,2,8/23/2009,3.67,1,1,0,2,0
392,1,0,1,2,8/23/2009,1.42,2,2,0,1,1
393,0,0,0,2,8/23/2009,1.5,2,2,0,1,0
394,0,0,0,2,8/25/2009,1.08,1,1,0,1,0
395,0,0,0,2,8/25/2009,0.25,1,1,0,1,0
396,0,0,0,2,8/25/2009,0.42,2,2,0,1,0
398,1,0,1,2,8/25/2009,0.58,3,3,0,4,1
401,0,0,0,2,8/25/2009,0.83,3,2,0,1,0
402,0,0,0,2,8/25/2009,0.92,1,1,0,1,0
404,3,2,5,10,8/25/2009,7.75,3,2,0,6,1
406,3,0,3,2,8/26/2009,2,4,4,0,4,1
409,0,0,0,2,9/4/2009,0.58,3,3,0,1,0
422,0,0,0,2,9/6/2009,0.42,1,1,0,1,0
432,2,0,2,2,9/6/2009,0.75,3,3,0,2,1
436,2,2,4,10,9/7/2009,6.75,2,2,0,1,1
446,0,0,0,3,5/29/2009,1,2,2,0,1,0
447,0,1,1,3,5/31/2009,1,2,2,0,1,1
449,1,0,1,3,5/31/2009,3.22,3,3,0,2,1
450,1,0,1,3,5/31/2009,2,3,3,0,2,1
451,1,2,3,3,6/6/2009,3,2,2,0,1,1
452,0,2,2,3,6/6/2009,5.5,2,2,0,2,1
454,1,0,1,3,6/7/2009,2,2,2,0,1,1
455,0,1,1,3,6/7/2009,3,2,2,1,1,1
456,1,0,1,3,6/10/2009,2.5,2,2,0,1,1
457,0,0,0,3,6/12/2009,1.75,2,2,0,1,0
458,0,1,1,3,6/13/2009,1.75,2,2,0,2,1
459,0,0,0,3,6/13/2009,0.33,3,3,1,1,0
460,0,5,5,3,6/13/2009,6,2,2,0,2,1
461,0,0,0,3,6/13/2009,0.5,1,1,0,2,0
462,0,4,4,3,6/13/2009,3,3,3,1,2,1
463,1,2,3,3,6/17/2009,8,2,2,1,1,1
464,0,2,2,3,6/21/2009,22.85,2,2,0,2,1
468,1,0,1,3,7/1/2009,3,2,2,0,1,1
471,0,1,1,3,7/12/2009,3,2,2,1,1,1
476,1,0,1,3,7/17/2009,23.73,2,2,0,2,1
478,0,0,0,3,7/18/2009,1.25,2,2,0,2,0
479,0,0,0,3,7/19/2009,1,2,2,0,2,0
487,0,0,0,3,8/7/2009,0.5,2,2,0,2,1
489,0,3,3,3,8/7/2009,0.75,2,2,0,2,1
495,0,0,0,4,6/11/2009,1,1,1,0,1,0
496,0,0,0,4,6/13/2009,3.83,3,3,0,1,0
498,0,2,2,4,6/13/2009,3.17,3,3,0,4,1
500,0,3,3,4,6/17/2009,2.25,1,1,0,3,1
501,0,0,0,4,6/21/2009,2.92,1,1,0,3,0
502,1,0,1,4,6/21/2009,0.5,1,1,0,3,1
503,0,0,0,4,6/22/2009,0.92,1,1,0,3,0
504,1,1,2,4,6/25/2009,7,1,1,0,4,1
505,1,2,3,4,6/25/2009,0.58,1,1,0,2,1
506,0,1,1,4,6/25/2009,1.25,2,2,0,4,1
507,0,0,0,4,6/27/2009,4.33,1,1,0,6,0
510,1,0,1,4,6/28/2009,4.75,2,2,0,2,0
511,1,0,1,4,6/28/2009,1.5,1,1,0,4,1
512,0,0,0,4,6/28/2009,2,1,1,0,0,0
514,1,0,1,4,7/1/2009,2,2,2,0,4,1
515,0,0,0,4,7/1/2009,2,3,3,0,2,0
516,0,0,0,4,7/1/2009,0.92,2,2,0,4,1
517,1,13,14,4,7/9/2009,13.5,2,2,0,3,1
518,1,1,2,4,7/9/2009,7.5,1,1,0,3,1
519,0,8,8,4,7/11/2009,5.83,1,1,0,5,1
520,0,2,2,4,7/11/2009,4,1,1,0,2,1
522,0,0,0,4,7/11/2009,6.67,2,2,0,4,0
523,1,4,5,4,7/11/2009,9,1,1,0,3,1
524,0,0,0,4,7/11/2009,3,2,2,0,2,0
525,0,0,0,4,7/12/2009,0.83,1,1,0,1,0
526,0,0,0,4,7/17/2009,3,1,1,0,1,1
527,0,0,0,4,7/17/2009,7.5,2,2,0,6,0
528,0,0,0,4,7/17/2009,3.25,2,2,0,5,0
529,0,0,0,4,7/17/2009,1.5,2,2,0,4,0
530,1,0,1,4,7/18/2009,3.33,2,2,0,2,1
531,0,0,0,4,7/18/2009,5.25,2,2,0,0,0
532,0,0,0,4,7/18/2009,2,2,2,0,1,0
533,0,1,1,4,7/19/2009,1.25,2,2,0,4,1
534,2,6,8,4,7/19/2009,5.5,2,2,0,4,1
535,4,5,9,4,7/19/2009,5,2,2,0,4,1
536,0,0,0,4,7/19/2009,3.08,2,2,0,4,1
537,0,0,0,4,7/19/2009,2.67,2,2,0,1,0
538,0,6,6,4,7/22/2009,3.5,2,2,0,5,1
539,0,2,2,4,7/22/2009,4,2,2,0,4,1
540,0,6,6,4,7/22/2009,6,2,2,0,1,1
541,0,2,2,4,7/22/2009,2.83,2,2,0,4,1
543,0,2,2,4,7/28/2009,3,2,2,0,4,1
544,0,0,0,4,8/1/2009,1,2,2,0,1,0
545,2,0,2,4,8/6/2009,5,3,3,0,4,1
546,4,3,7,4,8/7/2009,6,3,3,0,4,1
547,0,0,0,4,8/9/2009,8.5,1,1,0,3,0
548,0,2,2,4,8/10/2009,3.17,1,1,0,3,1
549,0,0,0,4,8/23/2009,1.08,2,2,0,1,0
550,0,0,0,4,8/25/2009,1.08,1,1,0,1,0
551,2,10,12,4,8/26/2009,6.5,3,3,0,4,1
552,2,0,2,4,8/26/2009,3,1,1,0,0,1
553,3,0,3,4,8/26/2009,3.75,2,2,0,1,1
554,0,3,3,4,9/4/2009,4.67,2,2,0,1,1
555,1,0,1,4,9/6/2009,2.83,2,2,0,1,1
556,0,0,0,5,5/23/2008,3.55,2,2,0,1,0
557,0,0,0,5,5/25/2008,4.87,2,2,0,1,0
558,1,1,2,5,5/26/2008,3.75,2,2,0,1,1
559,0,0,0,5,5/26/2008,3.32,1,1,0,1,0
560,1,0,1,5,5/26/2008,2.97,2,2,0,1,1
561,0,1,1,5,5/31/2008,4.42,2,2,0,2,1
562,0,0,0,5,5/31/2008,1.37,2,2,0,2,0
563,0,0,0,5,5/31/2008,3.18,2,2,0,1,0
564,2,0,2,5,6/3/2008,3.67,2,2,0,1,1
565,2,0,2,5,5/7/2008,3.58,2,2,0,2,1
566,2,0,2,5,5/7/2008,2.47,2,2,0,2,1
567,2,0,2,5,5/7/2008,2.33,2,2,0,1,1
568,0,0,0,5,6/9/2008,3.07,2,2,0,1,0
569,0,3,3,5,6/9/2008,4.42,1,1,0,1,1
570,0,0,0,5,6/9/2008,4,1,1,0,1,0
571,1,0,1,5,6/13/2008,6.58,2,2,0,1,1
572,0,0,0,5,6/13/2008,2.42,2,2,0,4,0
573,0,0,0,5,6/13/2008,1.33,3,3,0,2,0
574,1,4,5,5,6/14/2008,1.33,4,4,0,1,1
575,0,6,6,5,6/14/2008,2.33,2,2,0,1,1
576,3,0,3,5,6/14/2008,2.33,3,3,0,1,1
577,1,2,3,5,6/14/2008,3.27,2,2,0,1,1
578,3,0,3,5,6/14/2008,4.48,4,3,0,2,1
579,1,0,1,5,6/14/2008,2.83,1,1,0,1,1
580,2,4,6,5,6/15/2008,2,2,2,0,2,1
581,0,8,8,5,6/15/2008,3,3,3,0,1,1
582,2,0,2,5,6/15/2008,2.17,2,2,0,2,1
583,2,12,14,5,6/15/2008,5.5,5,5,0,2,1
584,2,0,2,5,6/15/2008,3.83,2,2,0,1,1
585,2,0,2,5,6/15/2008,1.5,2,2,0,1,1
586,0,3,3,5,6/18/2008,2.58,2,2,0,2,1
587,,1,1,5,6/18/2008,1.5,1,1,0,1,1
588,2,3,5,5,6/22/2008,3.5,2,2,0,1,1
589,1,0,1,5,6/22/2008,2.17,2,3,0,1,1
590,0,0,0,5,6/26/2008,1.5,1,1,0,1,0
591,2,1,3,5,6/26/2008,4,3,3,1,4,1
592,0,0,0,5,6/26/2008,1.33,1,1,0,1,0
593,1,0,1,5,6/29/2008,5.75,2,2,0,1,1
594,1,0,1,5,6/29/2008,4,2,2,0,1,1
595,3,0,3,5,6/29/2008,2.67,2,2,0,1,1
596,0,5,5,5,6/29/2008,2,4,4,0,5,1
597,2,3,5,5,6/29/2008,10,3,3,0,2,1
598,3,,3,5,6/29/2008,1.5,2,2,0,1,1
599,5,0,5,5,7/1/2008,6.68,2,2,0,1,1
600,5,0,5,5,7/3/2009,4.75,3,3,0,1,1
601,0,0,0,5,7/3/2009,1.25,1,1,0,1,0
602,3,0,3,5,7/6/2008,2.5,3,3,0,1,1
608,2,0,2,5,7/20/2008,3.67,3,3,0,1,1
610,0,0,0,5,8/2/2008,1.48,3,3,0,2,0
611,1,1,2,5,8/6/2008,0.75,1,1,0,1,1
612,1,0,1,5,8/6/2008,2,2,2,0,1,1
613,0,2,2,5,8/6/2008,0.5,1,1,0,1,1
614,3,0,3,5,8/10/2008,2,3,3,0,1,1
615,1,2,3,5,8/10/2008,1.5,2,2,0,1,1
618,0,0,0,5,8/15/2008,3.33,3,3,0,1,0
619,1,0,1,5,8/15/2008,1,1,1,0,1,1
621,2,0,2,5,8/17/2008,5.42,2,2,0,1,1
622,1,0,1,5,8/17/2008,4.5,2,2,0,2,1
623,2,2,4,5,8/17/2008,7.25,2,2,0,1,1
624,1,5,6,5,8/29/2008,4.5,1,1,0,1,1
625,2,2,4,5,9/1/2008,1,3,3,0,2,1
626,1,0,1,5,9/1/2008,0.75,2,2,1,1,1
627,2,0,2,5,9/1/2008,2,2,2,1,1,1
628,2,1,3,6,6/1/2008,3,2,2,0,2,1
629,0,0,0,6,6/1/2008,4.28,2,2,0,2,0
630,0,0,0,6,6/1/2008,2.43,2,2,0,2,0
631,0,0,0,6,6/1/2008,1.72,2,2,0,2,0
632,0,1,1,6,6/1/2008,3.58,2,2,0,1,1
633,1,0,1,6,6/1/2008,9.33,3,3,0,4,1
634,0,1,1,6,6/27/2008,1.45,1,1,0,2,1
635,1,1,2,6,6/27/2008,1,2,2,0,2,1
636,2,1,3,6,6/27/2008,3.75,2,2,0,1,1
637,0,0,0,6,6/28/2008,7,2,2,0,2,0
638,0,1,1,6,7/7/2008,1.75,2,2,0,1,1
639,1,1,2,6,7/29/2008,2.37,1,1,0,2,1
640,1,0,1,6,8/16/2008,3,3,3,0,2,1
642,0,2,2,6,8/31/2008,1.5,3,3,0,2,1
643,0,1,1,6,8/31/2008,2,3,3,0,2,1
644,0,4,4,6,8/31/2008,4,4,4,0,2,1
645,3,6,9,6,8/31/2008,6.5,3,3,0,2,1
646,1,0,1,6,8/31/2008,4,3,3,0,2,1
648,1,2,3,6,8/31/2008,3,2,2,0,2,1
649,1,4,5,6,8/31/2008,7,2,2,0,2,1
651,0,0,0,6,8/31/2008,2.5,2,2,0,2,0
652,0,12,12,6,8/31/2008,8,2,2,0,2,1
654,1,0,1,7,5/29/2008,2.17,2,2,0,2,0
658,1,3,4,7,5/29/2008,4.58,1,1,0,2,1
660,1,1,2,7,6/7/2008,1.33,2,2,0,4,1
662,1,0,1,7,6/7/2008,1.08,3,3,0,2,1
663,1,1,2,7,6/7/2008,4.17,3,3,0,2,1
664,0,0,0,7,6/7/2008,5,3,3,0,4,1
665,1,0,1,7,6/7/2008,5.08,3,3,0,2,1
666,1,0,1,7,6/7/2008,0.83,2,2,0,2,1
669,1,0,1,7,6/7/2008,3.58,3,3,0,2,1
670,0,1,1,7,6/8/2008,3.67,3,3,0,2,1
671,0,3,3,7,6/8/2008,3.25,3,3,0,2,1
672,1,0,1,7,6/8/2008,1.67,1,1,0,2,1
677,1,0,1,7,6/12/2008,4.75,2,2,0,2,1
683,2,0,2,7,6/15/2008,3.58,2,2,0,1,1
687,0,0,0,7,6/15/2008,1.25,2,2,0,1,1
695,1,0,1,7,6/21/2008,4.75,3,3,0,2,1
697,1,0,1,7,6/21/2008,6.83,2,3,0,2,1
710,0,0,0,7,6/28/2008,3.42,2,2,0,2,0
712,0,1,1,7,6/29/2008,3.83,2,2,0,2,1
714,0,1,1,7,6/29/2008,1.25,3,3,0,2,1
719,1,0,1,7,6/29/2008,5.33,3,3,0,3,1
721,0,0,0,7,7/1/2008,1.92,1,1,0,2,0
722,0,0,0,7,7/1/2008,1.33,1,1,0,2,0
729,1,0,1,7,7/10/2008,2.5,4,4,0,2,1
731,0,0,0,7,7/12/2008,2.17,4,4,0,2,1
732,2,0,2,7,7/12/2008,2.67,4,4,0,2,1
736,2,0,2,7,7/12/2008,2.25,4,4,0,2,1
741,0,0,0,7,7/13/2008,2.5,2,2,0,3,0
744,1,0,1,7,7/13/2008,3.42,2,2,0,2,1
755,1,2,3,7,7/20/2008,6.25,2,2,0,2,1
756,1,0,1,7,7/20/2008,2.33,1,1,0,2,1
763,2,0,2,7,8/2/2008,2.92,2,2,0,2,1
766,0,1,1,7,8/2/2008,5.5,2,2,0,2,1
767,2,0,2,7,8/2/2008,3.08,2,2,0,2,1
773,1,0,1,7,8/2/2008,5.92,2,2,0,2,1
779,0,0,0,7,8/6/2008,4.58,4,4,0,2,0
797,0,0,0,7,8/15/2008,2,2,2,0,1,0
804,2,0,2,7,8/16/2008,1.67,3,3,0,1,1
809,0,0,0,7,8/23/2008,0.75,1,1,0,2,0
825,2,0,2,7,8/31/2008,5.33,3,3,0,2,1
830,0,0,0,8,5/20/2007,1.08,3,3,0,2,0
831,0,0,0,8,5/20/2007,3.73,1,1,0,1,0
832,0,0,0,8,5/20/2007,6.05,3,3,0,2,0
833,0,0,0,8,5/20/2007,2.58,2,2,0,2,0
834,0,0,0,8,5/20/2007,9.78,3,3,0,2,0
836,0,0,0,8,5/20/2007,1.83,1,1,0,2,0
837,0,0,0,8,5/20/2007,2.15,2,2,0,2,0
838,0,0,0,8,5/20/2007,1.73,2,2,0,2,0
839,0,0,0,8,5/20/2007,0.32,2,2,0,2,0
840,0,0,0,8,5/20/2007,2.13,3,3,0,2,0
841,0,1,1,8,5/20/2007,3,3,3,0,2,1
842,0,0,0,7,5/21/2008,5.75,1,1,0,2,0
843,0,0,0,7,5/21/2008,1.67,5,5,0,2,0
844,0,0,0,7,5/21/2008,5.88,3,3,0,2,0
845,0,0,0,7,5/21/2008,5.33,2,2,0,2,0
846,0,0,0,7,5/21/2008,2,3,3,0,2,0
847,0,0,0,7,5/21/2008,10.17,1,1,0,2,0
848,0,0,0,7,5/21/2008,1.43,1,1,0,2,0
849,0,0,0,8,5/26/2007,2.95,2,2,0,2,0
850,0,0,0,8,5/26/2007,2.83,3,1,0,2,0
852,0,0,0,8,5/26/2007,2.33,2,2,0,1,0
853,0,0,0,8,5/31/2007,2.6,2,2,0,1,0
856,0,0,0,8,6/3/2007,1.77,2,2,0,2,0
858,0,0,0,8,6/3/2007,2.02,2,2,0,2,0
859,0,0,0,8,6/3/2007,1.63,3,3,0,2,0
860,0,0,0,8,6/3/2007,4.12,2,2,0,2,0
862,0,3,3,8,6/3/2007,1.95,3,3,0,2,1
863,0,1,1,8,6/3/2007,7.13,1,1,0,1,1
864,0,0,0,8,6/3/2007,1.03,2,2,0,2,0
865,0,0,0,8,6/3/2007,1.85,3,3,0,1,0
866,1,10,11,8,6/3/2007,8.33,3,3,0,5,1
867,0,0,0,8,6/3/2007,0.7,2,2,0,2,0
868,0,0,0,8,6/3/2007,1,2,2,0,2,0
869,1,0,1,8,6/3/2007,1,2,2,0,1,1
870,0,0,0,8,6/3/2007,1,4,3,0,2,0
871,0,0,0,8,6/5/2007,1.58,2,2,0,1,0
872,0,0,0,8,6/5/2007,1.07,2,2,0,2,0
873,0,0,0,8,6/5/2007,3.48,2,2,0,2,0
874,0,0,0,8,6/5/2007,2.05,2,2,0,2,0
876,1,0,1,8,6/5/2007,6.65,2,2,0,5,1
878,0,0,0,8,6/9/2007,1.23,3,3,0,1,0
880,0,0,0,8,6/9/2007,1.97,3,3,0,1,0
882,0,0,0,8,6/9/2007,2.75,2,2,0,2,0
883,0,0,0,8,6/9/2007,2.75,4,4,0,5,0
885,0,0,0,8,6/12/2007,0.55,2,2,0,2,0
886,0,0,0,8,6/13/2007,0.75,2,2,0,2,0
887,3,1,4,8,6/17/2007,2.68,2,2,0,2,1
890,0,1,1,8,6/17/2007,3.02,1,1,0,2,1
891,1,3,4,8,6/17/2007,4.88,2,2,0,2,1
896,0,0,0,8,6/19/2007,4.52,1,1,0,2,0
897,0,0,0,8,6/19/2007,2.72,2,2,0,2,0
899,1,1,2,8,6/23/2007,2.52,2,2,0,2,1
900,0,0,0,8,6/23/2007,2.25,2,2,0,2,0
901,1,1,2,8,6/23/2007,9.05,2,2,0,2,1
902,0,0,0,8,6/23/2007,0.8,1,1,0,2,0
903,0,1,1,8,6/23/2007,2.87,4,4,0,2,1
905,0,0,0,8,6/23/2007,2.37,2,2,0,2,0
906,0,0,0,8,6/23/2007,0.27,1,1,0,4,0
907,1,0,1,8,6/28/2007,1.17,3,3,0,1,1
908,0,0,0,8,6/30/2007,2.73,2,2,0,2,0
909,0,0,0,8,6/30/2007,3.65,2,2,0,2,0
911,0,0,0,8,6/30/2007,2.02,2,2,0,2,0
912,0,0,0,8,6/30/2007,3.72,3,3,0,2,0
913,0,0,0,8,6/30/2007,4.62,3,3,0,2,0
914,1,1,2,8,7/1/2007,4.8,3,3,0,2,1
915,0,0,0,8,7/1/2007,3.12,2,2,0,1,0
916,0,0,0,8,7/1/2007,0.17,1,1,0,4,0
917,0,0,0,8,7/5/2007,2.2,3,3,0,2,0
918,0,0,0,8,7/6/2007,1.68,2,2,0,2,0
919,0,0,0,8,7/12/2007,0.18,1,1,0,5,0
920,0,0,0,8,7/12/2007,5.02,3,3,1,6,0
920,0,0,0,8,7/12/2007,5.02,3,3,1,6,0
921,0,0,0,8,7/14/2007,2.2,2,2,0,2,0
922,0,0,0,8,7/14/2007,2.5,2,2,0,2,0
923,0,0,0,8,7/14/2007,1.68,2,2,0,1,0
924,0,0,0,8,7/14/2007,0.75,2,2,0,2,0
925,0,0,0,8,7/28/2007,0.67,2,2,0,2,0
926,0,0,0,8,7/28/2007,1.53,2,2,0,2,0
927,0,0,0,8,7/28/2007,2.72,2,2,0,5,0
929,0,0,0,8,8/4/2007,0.55,2,2,0,2,0
930,0,0,0,8,8/4/2007,4.47,2,2,0,4,0
931,0,0,0,8,8/4/2007,2.52,2,2,0,2,0
932,0,0,0,8,8/4/2007,1.88,3,3,0,2,0
933,0,0,0,8,8/12/2007,5.17,2,2,0,2,0
934,0,0,0,8,8/17/2007,1.55,2,2,0,2,0
936,0,0,0,8,8/19/2007,3.38,1,1,0,2,0
937,0,0,0,8,8/19/2007,7.6,1,1,0,2,0
938,0,0,0,8,8/19/2007,2.77,4,4,0,2,0
939,0,0,0,8,8/19/2007,3.8,4,4,0,2,0
940,1,0,1,8,8/19/2007,3.2,2,2,0,2,1
941,0,0,0,8,8/19/2007,1.75,1,1,0,1,0
942,0,0,0,8,8/19/2007,2.97,2,2,0,2,0
943,0,0,0,8,8/19/2007,2.72,3,3,0,1,0
944,0,0,0,8,9/3/2007,1.22,2,2,0,2,0
945,0,0,0,9,5/20/2007,1,1,1,0,2,0
946,0,0,0,9,5/20/2007,0.3,2,2,0,2,0
947,0,0,0,9,5/20/2007,0.17,2,2,0,2,0
948,0,0,0,9,5/20/2007,1.03,2,2,0,2,0
949,0,0,0,9,5/20/2007,0.5,1,1,0,2,0
950,0,0,0,9,5/21/2007,1.58,2,2,0,2,0
951,0,0,0,9,5/21/2007,0.25,2,2,0,2,0
952,0,0,0,9,5/26/2007,0.2,1,1,0,1,0
955,0,0,0,9,5/28/2007,0.33,1,1,0,1,0
956,0,0,0,9,5/31/2007,0.55,1,1,0,1,0
957,0,0,0,9,5/31/2007,3.62,1,1,0,2,0
958,0,0,0,9,6/3/2007,1.67,1,1,0,6,0
959,0,0,0,9,6/3/2007,3.37,1,1,0,1,0
960,0,0,0,9,6/3/2007,1.35,1,1,0,2,0
961,0,0,0,9,6/3/2007,1.37,1,1,0,1,0
962,0,0,0,9,6/3/2007,1.57,1,1,0,1,0
963,0,0,0,9,6/3/2007,1.88,1,1,0,2,0
964,0,0,0,9,6/3/2007,2.03,1,1,0,1,0
965,0,0,0,9,6/3/2007,4.32,1,1,0,2,0
966,0,0,0,9,6/3/2007,0.27,1,1,0,1,0
967,0,0,0,9,6/3/2007,0.68,1,1,0,2,0
968,0,0,0,9,6/3/2007,0.8,2,2,0,1,0
969,0,0,0,9,6/3/2007,0.53,1,1,0,2,0
970,0,0,0,9,6/3/2007,1.95,1,1,0,2,0
971,0,0,0,9,6/5/2007,2.13,2,2,0,1,0
972,0,0,0,9,6/5/2007,23.93,1,1,0,1,0
975,0,0,0,9,6/9/2007,1.9,2,2,0,1,0
976,0,0,0,9,6/9/2007,4.63,2,2,0,1,0
977,0,0,0,9,6/9/2007,2.38,3,3,0,1,0
978,0,0,0,9,6/9/2007,3.13,1,1,0,2,0
979,0,0,0,9,6/9/2007,1.8,1,1,0,1,0
980,0,0,0,9,6/9/2007,0.17,1,1,0,1,0
981,0,0,0,9,6/9/2007,1.58,3,3,0,2,0
982,0,0,0,9,6/9/2007,1.35,4,4,0,2,0
983,0,0,0,9,6/9/2007,0.53,2,2,0,6,0
984,0,0,0,9,6/9/2007,1.8,2,2,0,2,0
985,0,0,0,9,6/9/2007,1.2,1,1,0,1,0
986,0,0,0,9,6/9/2007,0.63,2,2,0,1,0
987,0,0,0,9,6/9/2007,2.77,1,1,0,1,0
988,0,0,0,9,6/12/2007,0.82,1,1,0,1,0
989,0,0,0,9,6/13/2007,1.7,2,2,0,1,0
990,0,0,0,9,6/13/2007,0.27,1,1,0,1,0
991,0,0,0,9,6/17/2007,1.87,1,1,0,1,0
992,0,0,0,9,6/17/2007,0.93,3,3,0,5,0
993,0,0,0,9,6/17/2007,0.27,1,1,0,1,0
994,0,0,0,9,6/17/2007,0.27,1,1,0,1,0
995,0,0,0,9,6/17/2007,0.63,1,1,0,2,0
996,0,0,0,9,6/17/2007,0.18,1,1,0,2,0
998,0,0,0,9,6/19/2007,1.18,1,1,0,2,0
999,0,0,0,9,6/19/2007,0.62,1,1,0,1,0
1000,0,0,0,9,6/19/2007,0.65,2,2,0,2,0
1002,0,0,0,9,6/19/2007,1.08,1,1,0,1,0
1003,0,0,0,9,6/19/2007,0.28,1,1,0,1,0
1004,0,0,0,9,6/19/2007,3.08,1,1,0,1,0
1006,0,0,0,9,6/19/2007,1.55,1,1,0,2,0
1007,0,0,0,9,6/19/2007,1.55,1,1,0,1,0
1008,1,0,1,9,6/19/2007,1.55,1,1,0,1,1
1009,1,0,1,9,6/22/2007,2.18,1,1,0,1,1
1010,0,0,0,9,6/22/2007,3.5,1,1,0,1,0
1011,1,0,1,9,6/22/2007,5.22,2,2,0,2,1
1012,0,0,0,9,6/22/2007,4.22,1,1,0,1,0
1013,0,0,0,9,6/22/2007,0.93,1,1,0,2,0
1014,0,0,0,9,6/22/2007,3.53,1,1,0,2,0
1015,0,0,0,9,6/22/2007,1.27,1,1,0,2,0
1016,0,0,0,9,6/22/2007,0.28,2,2,0,1,0
1017,0,0,0,9,6/22/2007,0.75,3,3,0,2,0
1018,0,0,0,9,6/22/2007,2.25,1,1,0,2,0
1019,0,0,0,9,6/22/2007,1.03,1,1,0,1,0
1020,0,0,0,9,6/23/2007,0.85,2,2,1,6,0
1021,0,0,0,9,6/23/2007,3.88,1,1,0,2,0
1022,0,0,0,9,6/23/2007,2.05,1,1,0,2,0
1023,0,0,0,9,6/23/2007,2.78,1,1,0,1,0
1024,1,0,1,9,6/23/2007,5.97,2,2,0,5,1
1025,0,0,0,9,6/23/2007,0.82,1,1,0,2,0
1026,1,0,1,9,6/23/2007,0.08,1,1,0,2,1
1027,0,0,0,9,6/23/2007,2.05,1,1,0,2,0
1028,0,0,0,9,6/23/2007,3.02,1,1,0,1,0
1029,1,0,1,9,6/23/2007,1.07,2,2,0,2,1
1030,0,0,0,9,6/23/2007,4.9,1,1,0,5,0
1031,0,0,0,9,6/23/2007,1.33,1,1,0,2,0
1032,0,0,0,9,6/23/2007,2.32,1,1,0,2,0
1033,1,0,1,9,6/23/2007,4.28,3,3,0,2,1
1034,1,0,1,9,6/23/2007,2.03,1,1,0,1,1
1035,1,0,1,9,6/23/2007,0.67,1,1,0,1,1
1036,0,0,0,9,6/25/2007,1,1,1,0,1,0
1037,0,0,0,9,6/25/2007,0.9,1,1,0,4,0
1038,0,0,0,9,6/25/2007,0.25,2,2,0,4,0
1039,0,0,0,9,6/25/2007,0.63,2,2,0,2,0
1040,1,0,1,9,6/28/2007,2.15,1,1,0,1,1
1041,0,0,0,9,6/28/2007,1,1,1,0,1,0
1042,0,0,0,9,6/28/2007,1,1,1,0,1,0
1043,0,0,0,9,6/28/2007,0.3,1,1,0,1,0
1044,0,0,0,9,6/28/2007,1.85,2,2,0,2,0
1045,2,0,2,9,6/28/2007,2.63,1,1,0,1,1
1046,1,0,1,9,6/28/2007,0.17,1,1,0,1,1
1047,0,0,0,9,6/28/2007,4.58,1,1,0,1,0
1048,1,0,1,9,6/28/2007,1.83,1,1,0,1,1
1049,3,0,3,9,6/28/2007,1.45,3,3,0,1,1
1050,0,0,0,9,6/28/2007,0.58,2,2,0,2,0
1051,0,0,0,9,6/28/2007,1.17,1,1,0,1,0
1052,0,0,0,9,6/30/2007,1.68,3,3,0,6,0
1053,1,0,1,9,6/30/2007,2.58,1,1,0,2,1
1054,2,0,2,9,6/30/2007,1.73,2,2,0,4,1
1055,1,0,1,9,6/30/2007,3.1,2,2,0,4,1
1056,1,0,1,9,6/30/2007,3.47,1,1,0,1,1
1057,0,0,0,9,6/30/2007,5.35,2,2,0,1,0
1058,0,0,0,9,6/30/2007,0.5,2,2,0,2,0
1059,0,0,0,9,6/30/2007,4.78,3,3,0,2,0
1060,0,0,0,9,6/30/2007,1.32,3,3,0,4,0
1061,0,0,0,9,6/30/2007,2.22,1,1,0,2,0
1063,0,0,0,9,6/30/2007,1.63,2,2,0,2,0
1064,0,0,0,9,6/30/2007,1.63,1,1,0,2,0
1065,0,0,0,9,6/30/2007,1.08,3,3,0,4,0
1066,0,0,0,9,6/30/2007,2.22,1,1,0,5,0
1067,2,0,2,9,7/1/2007,0.75,2,2,0,2,1
1068,0,0,0,9,7/1/2007,2.83,1,1,0,4,0
1069,0,0,0,9,7/1/2007,1.68,1,1,0,2,0
1070,0,0,0,9,7/1/2007,3.07,1,1,0,2,0
1071,0,0,0,9,7/1/2007,1.9,2,2,0,4,0
1072,0,0,0,9,7/1/2007,2.27,1,1,0,2,0
1073,0,0,0,9,7/1/2007,0.63,2,2,0,2,0
1074,0,0,0,9,7/1/2007,2.68,1,1,0,2,0
1075,0,0,0,9,7/1/2007,2.83,2,2,0,1,0
1076,0,0,0,9,7/1/2007,2.32,3,3,0,4,0
1077,2,0,2,9,7/1/2007,1.48,3,3,0,4,1
1078,0,0,0,9,7/1/2007,6.8,2,2,0,5,0
1080,3,0,3,9,7/5/2007,1.62,3,3,0,2,1
1081,0,0,0,9,7/5/2007,2,1,1,0,1,0
1082,0,0,0,9,7/5/2007,4.13,4,4,0,1,1
1082,1,0,1,9,7/5/2007,4.13,4,4,0,1,1
1083,1,0,1,9,7/5/2007,1.63,3,3,0,4,1
1084,0,0,0,9,7/5/2007,0.67,2,2,0,2,0
1085,0,0,0,9,7/6/2007,2.42,2,2,0,2,0
1086,1,0,1,9,7/6/2007,1.78,2,2,0,1,1
1087,0,0,0,9,7/6/2007,2.05,2,2,0,4,0
1088,1,0,1,9,7/6/2007,0.58,2,2,0,1,1
1089,0,0,0,9,7/6/2007,1.02,2,2,0,1,0
1090,0,0,0,9,7/6/2007,2.78,2,2,0,2,0
1091,1,0,1,9,7/6/2007,1.25,2,2,0,1,1
1092,0,0,0,9,7/6/2007,1.85,1,1,0,5,0
1093,0,0,0,9,7/6/2007,0.5,1,1,0,2,0
1094,1,0,1,9,7/8/2007,1.55,1,1,0,2,1
1095,0,0,0,9,7/8/2007,0.5,3,3,0,4,0
1096,0,0,0,9,7/8/2007,3.78,2,2,0,2,0
1097,0,0,0,9,7/8/2007,1.3,3,3,0,4,0
1098,1,0,1,9,7/8/2007,1.3,1,1,0,2,1
1099,1,0,1,9,7/8/2007,4.52,3,3,0,1,1
1100,0,0,0,9,7/8/2007,1.72,1,1,0,1,0
1101,0,0,0,9,7/8/2007,0.55,2,2,0,1,0
1102,0,0,0,9,7/8/2007,1.12,1,1,0,2,0
1103,0,0,0,9,7/8/2007,1.1,1,1,0,5,0
1104,1,0,1,9,7/8/2007,2.8,3,3,0,1,1
1105,0,0,0,9,7/9/2007,2.28,1,1,0,6,0
1106,0,0,0,9,7/9/2007,2.32,2,2,0,4,0
1107,1,0,1,9,7/9/2007,1.53,2,2,1,1,1
1108,2,0,2,9,7/9/2007,3.25,2,2,0,2,1
1109,1,0,1,9,7/9/2007,2.18,2,2,0,1,1
1110,0,0,0,9,7/9/2007,1.15,1,1,0,1,0
1111,0,0,0,9,7/12/2007,2,6,6,0,4,0
1112,0,0,0,9,7/12/2007,2.7,2,2,0,4,0
1113,0,0,0,9,7/12/2007,1.85,1,1,0,2,0
1115,0,0,0,9,7/14/2007,4.15,1,1,0,5,0
1116,0,0,0,9,7/14/2007,3.33,2,2,0,5,0
1117,1,0,1,9,7/14/2007,4.05,2,2,0,1,1
1118,1,0,1,9,7/14/2007,3.87,1,1,0,2,1
1119,0,0,0,9,7/14/2007,1.9,2,2,0,1,0
1120,0,0,0,9,7/14/2007,1.13,1,1,0,1,0
1121,1,0,1,9,7/14/2007,1.78,4,4,0,1,1
1122,0,0,0,9,7/14/2007,0.87,1,1,0,2,0
1123,0,0,0,9,7/14/2007,5.17,3,3,0,1,0
1124,0,0,0,9,7/25/2007,3.05,1,1,0,6,0
1125,0,0,0,9,7/25/2007,1.77,1,1,0,4,0
1126,0,0,0,9,7/25/2007,1.93,1,1,0,1,0
1127,0,0,0,9,7/28/2007,0.37,2,2,0,1,0
1128,0,0,0,9,7/28/2007,1.05,1,1,0,1,0
1129,0,0,0,9,7/28/2007,0.25,2,2,0,1,0
1130,0,0,0,9,7/28/2007,0.85,2,2,0,2,0
1131,0,0,0,9,7/28/2007,0.92,2,2,0,2,0
1132,0,0,0,9,7/28/2007,1.45,2,2,0,2,0
1133,0,0,0,9,7/28/2007,0.72,2,2,0,5,0
1134,0,0,0,9,7/28/2007,3.45,2,2,0,1,0
1135,1,0,1,9,7/28/2007,7.05,2,2,0,4,1
1136,0,0,0,9,7/28/2007,1.73,1,1,0,2,0
1137,0,0,0,9,7/28/2007,1.38,2,2,0,2,0
1138,0,0,0,9,7/31/2007,1.03,3,3,0,4,0
1139,0,0,0,9,7/31/2007,1.03,1,1,0,1,0
1140,0,0,0,9,7/31/2007,1.27,1,1,0,1,0
1141,0,0,0,9,7/31/2007,1.3,1,1,0,2,0
1143,0,0,0,9,7/31/2007,0.78,2,2,0,1,0
1144,0,0,0,9,8/4/2007,3,2,2,0,2,0
1145,2,0,2,9,8/4/2007,6.7,2,2,0,2,1
1146,0,0,0,9,8/4/2007,1.53,1,1,0,1,0
1147,0,0,0,9,8/4/2007,1.55,2,2,0,1,0
1148,0,0,0,9,8/4/2007,3.33,2,2,0,1,0
1149,0,0,0,9,8/12/2007,1.3,1,1,0,2,0
1150,0,0,0,9,8/12/2007,3.47,2,2,0,6,0
1151,0,0,0,9,8/12/2007,3.75,2,2,0,1,0
1152,0,0,0,9,8/12/2007,1.5,2,2,0,4,0
1153,0,0,0,9,8/12/2007,2.02,2,2,0,1,0
1154,0,0,0,9,8/12/2007,11.93,3,3,0,4,0
1155,2,0,2,9,8/12/2007,4.15,3,3,0,2,1
1156,1,0,1,9,8/12/2007,10.47,1,1,0,1,1
1157,0,0,0,9,8/12/2007,1.35,3,3,0,1,0
1158,0,0,0,9,8/16/2007,3.6,1,1,0,6,0
1159,1,0,1,9,8/16/2007,2.27,1,1,0,1,1
1160,0,0,0,9,8/16/2007,3.45,1,1,0,1,0
1161,0,0,0,9,8/16/2007,2.67,1,1,0,1,0
1162,0,0,0,9,8/16/2007,1.68,2,2,0,4,0
1163,0,0,0,9,8/17/2007,1.35,2,2,0,4,0
1164,0,0,0,9,8/17/2007,1.33,2,2,0,2,0
1165,0,0,0,9,8/17/2007,1.42,1,1,0,1,0
1166,0,0,0,9,8/17/2007,2.43,1,1,0,1,0
1167,0,0,0,9,8/19/2007,1.17,1,1,0,2,0
1168,0,0,0,9,8/19/2007,3.15,2,2,0,2,0
1169,0,0,0,9,8/19/2007,0.78,1,1,0,2,0
1170,0,0,0,9,8/19/2007,1.77,2,2,0,2,0
1171,0,0,0,9,8/19/2007,1,1,1,0,2,0
1172,0,0,0,9,8/19/2007,4.25,1,1,0,2,0
1173,0,0,0,9,8/25/2007,0.22,2,2,0,4,0
1175,0,0,0,9,8/28/2007,2.2,2,2,0,2,0
1176,0,0,0,9,8/29/2007,1.8,3,3,0,2,0
1177,0,0,0,9,9/3/2007,2.03,3,3,0,2,0
1178,0,0,0,9,9/3/2007,0.53,2,2,0,2,0
1180,0,0,0,11,5/27/2010,1,2,2,0,2,0
1183,0,0,0,11,6/4/2010,0.83,1,1,0,1,0
1184,0,0,0,11,6/4/2010,0.5,2,2,0,1,0
1185,0,0,0,11,6/4/2010,1.25,2,2,0,2,0
1187,10,3,13,11,6/5/2010,3.5,4,4,0,2,1
1188,0,0,0,11,6/5/2010,2.28,2,2,0,2,0
1189,0,1,1,11,6/5/2010,0.5,1,1,0,2,1
1190,3,2,5,11,6/5/2010,7.5,1,1,0,2,1
1192,0,0,0,11,6/8/2010,0.5,2,2,0,2,0
1193,0,0,0,11,6/8/2010,1.5,2,2,0,2,0
1194,0,0,0,11,6/12/2010,0.57,2,2,0,2,0
1195,0,0,0,11,6/12/2010,1.17,2,2,0,2,0
1196,0,1,1,11,6/12/2010,2.48,2,2,0,2,1
1197,1,0,1,11,6/13/2010,3.25,6,6,0,2,1
1198,0,0,0,11,6/13/2010,3,2,2,0,2,0
1199,0,0,0,11,6/16/2010,3,1,1,0,2,0
1200,0,0,0,11,6/16/2010,1,1,1,0,1,0
1201,4,2,6,11,6/16/2010,2,2,2,0,1,1
1202,0,0,0,11,6/16/2010,2,2,2,0,2,0
1203,1,0,1,11,6/18/2010,3.5,6,6,0,1,1
1204,0,0,0,11,6/18/2010,2.5,4,4,0,4,0
1205,2,1,3,11,6/19/2010,1.5,2,2,0,1,1
1207,0,0,0,11,6/20/2010,1.5,3,3,0,2,0
1208,0,0,0,11,6/20/2010,0.58,1,1,0,2,0
1210,0,0,0,11,6/20/2010,2.17,2,2,0,2,0
1211,0,0,0,11,6/27/2010,3,2,2,0,2,0
1212,2,0,2,11,6/27/2010,2,2,2,0,2,1
1213,0,0,0,11,6/27/2010,3.5,2,2,0,2,0
1215,0,3,3,11,6/27/2010,3,3,3,0,2,1
1216,0,0,0,11,6/27/2010,2.43,4,4,0,2,0
1218,2,0,2,11,6/28/2010,2.33,1,1,0,2,1
1219,0,0,0,11,7/1/2010,0.5,2,2,0,2,0
1220,0,0,0,11,7/1/2010,1,3,3,0,2,0
1222,4,9,13,11,7/1/2010,6.5,3,3,0,2,1
1224,0,2,2,11,7/1/2010,7,2,2,0,2,1
1226,0,0,0,11,7/1/2010,2,2,2,0,2,0
1227,2,0,2,11,7/1/2010,2.5,2,2,0,2,1
1228,0,2,2,11,7/3/2010,2,2,2,0,2,1
1229,1,0,1,11,7/3/2010,2,2,2,0,2,1
1230,0,0,0,11,7/3/2010,2.5,2,2,0,2,0
1231,0,0,0,11,7/3/2010,2,2,2,0,2,0
1232,0,0,0,11,7/4/2010,0.33,1,1,0,2,0
1233,0,0,0,11,7/4/2010,5.5,4,4,0,2,0
1234,0,8,8,11,7/4/2010,7,1,1,0,2,1
1236,0,0,0,11,7/6/2010,1.5,1,1,0,2,0
1237,0,0,0,11,7/9/2010,4.5,4,4,0,2,0
1238,1,0,1,11,7/9/2010,4,2,2,0,4,1
1239,0,0,0,11,7/11/2010,1.37,1,1,0,2,0
1240,0,0,0,11,7/17/2010,3.5,2,2,0,2,0
1242,9,0,9,11,7/17/2010,2.5,3,3,0,2,1
1245,0,0,0,11,7/25/2010,4.25,2,2,0,2,0
1246,0,0,0,11,7/28/2010,0.67,1,1,0,4,0
1247,0,0,0,11,7/28/2010,3.5,1,1,0,2,0
1248,1,1,2,11,7/28/2010,4.33,2,2,0,2,1
1250,0,0,0,11,8/3/2010,1.5,2,2,0,6,0
1251,0,0,0,11,8/3/2010,2.5,2,2,0,2,0
1252,0,0,0,11,8/7/2010,3,1,1,0,2,0
1253,0,0,0,11,8/7/2010,4.5,1,1,0,2,0
1254,1,0,1,11,8/7/2010,7,3,3,0,2,1
1255,0,0,0,11,8/13/2010,3,2,2,0,2,0
1257,0,0,0,11,8/15/2010,1,1,1,0,2,0
1259,0,0,0,11,8/15/2010,1.75,1,1,0,2,0
1260,0,0,0,11,8/15/2010,3.25,3,3,0,2,0
1262,0,0,0,11,8/16/2010,1,2,2,0,2,0
1263,0,0,0,11,8/16/2010,3.75,2,2,0,2,0
1264,0,0,0,11,8/16/2010,1,2,2,0,2,0
1265,0,0,0,11,8/21/2010,4.5,2,2,0,2,0
1266,0,0,0,11,8/29/2010,5,2,2,0,2,0
1267,0,0,0,11,8/29/2010,3,3,3,0,2,0
1268,2,0,2,11,8/31/2010,4.42,3,3,0,2,1
1269,1,0,1,11,9/4/2010,5,2,2,0,2,1
1270,0,0,0,11,9/4/2010,2.67,2,2,0,2,0
1272,0,0,0,11,9/4/2010,2.45,1,1,0,2,0
1273,0,0,0,11,9/4/2010,2.25,2,2,0,2,0
1278,2,0,2,12,5/27/2010,0.75,2,2,0,2,1
1279,2,20,22,12,5/27/2010,9.25,2,2,0,2,1
1280,0,1,1,12,5/29/2010,3.45,3,3,0,2,1
1281,1,0,1,12,5/29/2010,2.93,2,2,0,2,1
1282,0,2,2,12,5/29/2010,1.92,1,1,0,2,1
1283,1,0,1,12,5/29/2010,3.43,1,1,0,4,1
1284,0,1,1,12,5/29/2010,4.52,2,2,0,2,1
1285,1,2,3,12,5/29/2010,3.15,4,4,0,2,1
1286,2,0,2,12,5/29/2010,0.5,2,2,0,2,1
1287,0,0,0,12,5/29/2010,1.25,1,1,0,2,1
1288,1,0,1,12,6/8/2010,0.75,1,1,0,2,1
1290,0,0,0,12,6/13/2010,3,2,2,0,2,1
1292,0,0,0,12,6/13/2010,4.58,2,2,0,2,1
1293,0,7,7,12,6/13/2010,3.72,2,2,0,2,1
1295,0,2,2,12,6/14/2010,2.75,4,4,0,4,1
1296,0,1,1,12,6/14/2010,1.83,3,3,0,2,1
1297,0,0,0,12,6/19/2010,3.42,3,3,0,2,1
1298,0,1,1,12,6/19/2010,1.48,2,2,0,2,1
1299,1,1,2,12,6/19/2010,3.5,3,3,0,2,1
1301,2,5,7,12,6/19/2010,4.75,4,4,0,2,1
1303,2,3,5,12,6/19/2010,3.1,4,4,0,4,1
1304,0,1,1,12,6/19/2010,3.82,4,4,0,2,1
1305,0,2,2,12,6/19/2010,3.58,4,4,0,2,1
1306,0,1,1,12,6/19/2010,3.62,3,3,0,2,1
1310,0,2,2,12,6/19/2010,3.25,3,3,0,2,1
1314,0,0,0,12,6/27/2010,6.5,3,3,0,5,1
1320,2,3,5,12,6/27/2010,5,2,2,0,2,1
1321,0,1,1,12,7/3/2010,4.25,2,2,0,2,1
1323,0,0,0,12,7/3/2010,2.73,3,3,0,2,1
1325,0,1,1,12,7/3/2010,3.12,2,2,0,2,1
1326,0,0,0,12,7/3/2010,3.72,1,1,0,2,1
1330,0,0,0,12,7/9/2010,2.5,1,1,0,2,1
1333,1,4,5,12,7/9/2010,2.5,2,2,0,5,1
1336,2,0,2,12,7/17/2010,4.67,3,3,0,2,1
1338,0,0,0,12,7/17/2010,2.13,4,4,0,2,1
1341,0,0,0,12,7/17/2010,2,3,3,0,2,0
1344,0,0,0,12,7/17/2010,2.22,2,2,0,2,1
1347,0,0,0,12,7/17/2010,2.47,5,5,0,2,0
1348,0,5,5,12,7/21/2010,2.58,2,2,0,2,1
1351,0,0,0,12,7/21/2010,0.58,2,2,0,2,0
1354,0,0,0,12,8/1/2010,3.7,4,4,0,2,1
1363,0,0,0,12,8/15/2010,0.75,3,3,0,2,0
1368,0,5,5,12,8/15/2010,2.42,3,3,0,2,1
1371,0,1,1,12,9/5/2010,3.08,2,2,0,2,1
1372,2,0,2,12,9/5/2010,2,2,2,0,2,1
1373,0,0,0,12,9/5/2010,1.42,4,4,0,2,0
1374,1,1,2,13,5/23/2010,3,4,4,0,2,1
1376,0,1,1,13,5/30/2010,1.5,3,3,0,2,1
1377,0,1,1,13,5/30/2010,3.62,2,2,0,2,1
1379,1,2,3,13,6/12/2010,10.58,3,3,0,2,1
1381,0,1,1,13,7/4/2010,3,3,3,0,2,1
1383,0,4,4,13,8/4/2010,6,3,3,0,2,1
1386,0,6,6,13,9/4/2010,11.25,2,2,0,2,1
1387,0,2,2,13,9/4/2010,4.33,2,2,0,2,1
1389,0,0,0,14,5/23/2010,1.5,2,2,0,2,0
1396,0,0,0,14,5/30/2010,3.88,2,2,0,2,1
1408,0,0,0,14,6/11/2010,3.38,3,3,0,6,1
1421,0,0,0,14,6/30/2010,5.42,3,3,0,5,1
1423,0,0,0,14,7/4/2010,2.08,4,4,0,4,1
1424,0,0,0,14,7/4/2010,2.6,2,2,0,3,0
1427,0,0,0,14,7/5/2010,2,2,2,0,1,1
1430,0,1,1,14,7/11/2010,7.92,2,2,0,3,1
1431,0,1,1,14,7/11/2010,2.08,2,2,0,2,1
1432,0,0,0,14,7/11/2010,2.83,3,3,1,6,1
1435,0,0,0,14,7/31/2010,0.78,2,2,0,4,0
1439,0,0,0,14,7/31/2010,1.58,2,2,0,2,1
1440,0,0,0,14,8/4/2010,3.25,3,3,0,2,1
1444,0,0,0,14,8/13/2010,6.92,2,2,0,2,0
1461,0,0,0,14,9/4/2010,2.5,5,5,0,2,1
1462,0,1,1,14,9/4/2010,2.58,2,2,0,2,1
1463,0,0,0,14,9/4/2010,3.58,2,2,0,2,1
1464,0,1,1,15,5/31/2007,4.5,2,2,0,2,1
1465,0,3,3,15,6/2/2007,2.67,2,2,0,1,1
1466,2,0,2,15,6/2/2007,3.25,1,1,0,1,1
1467,0,0,0,15,6/2/2007,5.75,3,3,0,2,0
1468,0,0,0,15,6/2/2007,0.5,3,3,0,2,0
1469,0,0,0,15,6/2/2007,1,1,1,0,1,0
1470,3,0,3,15,6/3/2007,6.25,2,2,0,2,1
1471,3,1,4,15,6/3/2007,3.83,2,2,0,2,1
1472,0,2,2,15,6/3/2007,3.83,1,1,0,1,1
1473,0,0,0,15,6/3/2007,3.75,4,4,0,2,0
1474,0,0,0,15,6/3/2007,4.33,3,3,0,1,0
1475,0,0,0,15,6/3/2007,1.67,2,2,0,1,0
1476,0,5,5,15,6/3/2007,4,3,3,0,2,1
1477,1,0,1,15,6/3/2007,3,3,3,0,2,1
1478,0,0,0,15,6/5/2007,2.08,2,2,0,2,0
1479,0,0,0,15,6/5/2007,1,2,2,0,3,0
1481,0,0,0,15,6/5/2007,0.75,3,3,0,1,0
1482,0,0,0,15,6/5/2007,1.5,2,2,0,1,0
1484,1,0,1,15,6/10/2007,2.32,1,1,0,1,1
1488,1,0,1,15,6/10/2007,1.02,2,2,0,2,1
1489,0,0,0,15,6/10/2007,1.12,3,3,0,2,0
1490,1,0,1,15,6/10/2007,4.88,2,2,0,2,1
1494,0,0,0,15,6/13/2007,6.08,2,2,0,2,0
1495,0,0,0,15,6/13/2007,1.42,1,1,0,1,0
1498,2,1,3,15,6/14/2007,3.08,2,2,0,1,1
1499,0,0,0,15,6/16/2007,7.33,2,2,0,1,0
1502,0,0,0,15,6/16/2007,3.83,1,1,0,1,0
1503,0,0,0,15,6/17/2007,2.92,2,2,0,2,0
1504,0,0,0,15,6/17/2007,5.25,1,1,0,2,0
1506,2,0,2,15,6/17/2007,2.83,2,2,0,1,1
1507,0,0,0,15,6/17/2007,2.67,1,1,0,1,0
1508,0,0,0,15,6/19/2007,3.25,1,1,0,1,0
1510,1,0,1,15,6/19/2007,1.17,2,2,0,2,1
1511,0,0,0,15,6/22/2007,1.75,1,1,0,1,0
1512,0,0,0,15,6/22/2007,0.92,1,1,0,1,0
1513,0,0,0,15,6/22/2007,2.5,1,1,0,1,0
1514,0,1,1,15,6/22/2007,1.17,3,3,0,1,1
1515,0,1,1,15,6/23/2007,2,1,1,0,1,1
1516,0,0,0,15,6/23/2007,2.08,2,2,0,1,0
1518,1,3,4,15,6/23/2007,1.5,1,1,0,2,0
1520,0,0,0,15,6/28/2007,3.5,1,1,0,1,0
1521,0,0,0,15,6/28/2007,1.33,1,1,0,1,0
1522,0,0,0,15,6/28/2007,2.42,2,2,0,1,0
1524,2,0,2,15,6/30/2007,4.17,2,2,0,1,1
1525,0,0,0,15,6/30/2007,3.92,1,1,0,1,0
1526,0,0,0,15,6/30/2007,2.67,2,2,0,1,0
1527,0,1,1,15,6/30/2007,5.42,2,2,0,1,1
1528,0,0,0,15,6/30/2007,0.83,1,1,0,1,0
1529,0,0,0,15,7/1/2007,2.08,1,1,0,1,0
1530,3,2,5,15,7/1/2007,6.67,4,4,0,1,1
1531,0,0,0,15,7/1/2007,1.67,1,1,0,1,0
1532,0,0,0,15,7/1/2007,0.75,1,1,0,1,0
1533,1,1,2,15,7/1/2007,3.75,2,2,0,1,1
1534,1,0,1,15,7/1/2007,3.17,2,2,0,1,1
1535,0,0,0,15,7/1/2007,1.58,1,1,0,1,0
1538,0,1,1,15,7/1/2007,7.08,2,2,0,3,1
1540,0,0,0,15,7/5/2007,3.5,3,3,0,2,0
1541,0,0,0,15,7/6/2007,1.83,1,1,0,1,0
1542,1,0,1,15,7/6/2007,5.67,3,3,0,2,1
1543,0,0,0,15,7/6/2007,2.17,1,1,0,1,0
1544,1,0,1,15,7/6/2007,1.92,1,1,0,1,1
1545,3,0,3,15,7/8/2007,7.42,2,2,0,1,1
1547,2,3,5,15,7/8/2007,5.92,3,3,0,1,1
1548,0,0,0,15,7/8/2007,1.5,1,1,0,1,0
1550,0,0,0,15,7/8/2007,1.83,3,3,0,1,0
1551,0,2,2,15,7/8/2007,1.25,1,1,0,1,1
1552,0,0,0,15,7/9/2007,4.42,1,1,0,1,0
1553,1,1,2,15,7/12/2007,3.5,1,1,0,1,1
1554,0,0,0,15,7/12/2007,2.25,1,1,0,1,0
1558,0,0,0,15,7/25/2007,3.33,1,1,0,2,0
1559,0,0,0,15,7/25/2007,1.5,1,1,0,1,0
1561,1,1,2,15,7/28/2007,2.25,1,1,0,1,1
1562,0,0,0,15,8/4/2007,2.5,3,3,0,2,0
1563,0,2,2,15,8/4/2007,2.58,1,1,0,1,1
1564,0,0,0,15,8/4/2007,1.83,1,1,0,2,0
1565,0,1,1,15,8/4/2007,5.92,2,2,0,2,1
1566,0,0,0,15,8/12/2007,3,1,1,0,1,0
1567,0,0,0,15,8/12/2007,2.5,1,1,0,2,0
1568,0,0,0,15,8/12/2007,2.33,2,2,0,1,0
1569,1,0,1,15,8/19/2007,1.58,1,1,0,2,1
1571,0,0,0,15,8/25/2007,2.67,1,1,0,1,0
1572,0,0,0,15,8/25/2007,1.42,1,1,0,1,0
1573,0,1,1,15,8/28/2007,2.83,1,1,0,1,1
1574,0,0,0,15,8/28/2007,4.83,2,2,0,1,0
1575,0,0,0,15,8/28/2007,2.08,1,1,0,1,0
1576,0,0,0,15,8/29/2007,1,1,1,0,1,0
1577,0,0,0,15,9/2/2007,4.92,2,2,0,2,0
1579,0,0,0,15,9/2/2007,1.75,2,2,0,2,0
1580,0,0,0,15,9/2/2007,1.42,2,2,0,2,0
1581,0,1,1,15,9/2/2007,4.33,2,2,0,2,1
1582,0,0,0,15,9/2/2007,2.17,1,1,0,2,0
1584,0,0,0,15,9/3/2007,2.92,2,2,0,2,0
1585,0,0,0,15,9/3/2007,2.33,1,1,0,1,0
1586,1,0,1,15,9/3/2007,1.92,1,1,0,2,1
1628,0,0,0,18,6/5/2011,2,1,1,0,2,0
1629,3,5,8,18,6/5/2011,5.5,2,2,0,4,1
1630,1,0,1,18,6/10/2011,1,2,2,0,6,1
1631,0,0,0,18,6/10/2011,1.75,2,2,0,6,0
1632,0,0,0,18,6/12/2011,4,2,2,0,6,0
1633,1,0,1,18,6/12/2011,2,2,2,0,2,1
1634,0,0,0,18,6/12/2011,2.5,2,2,0,6,0
1635,0,0,0,18,6/24/2011,2.5,2,2,0,3,0
1637,2,0,2,18,6/24/2011,5,2,2,0,2,1
1638,1,5,6,18,6/25/2011,3,3,3,0,2,1
1640,1,2,3,18,6/30/2011,2.75,1,1,0,5,1
1641,2,3,5,18,6/30/2011,3,1,1,0,2,1
1642,0,0,0,18,7/1/2011,3,2,2,0,2,0
1643,0,2,2,18,7/1/2011,4.83,2,2,0,2,1
1644,1,0,1,18,7/2/2011,1.5,1,1,0,5,1
1645,1,0,1,18,7/10/2011,5.75,2,2,0,2,1
1646,0,2,2,18,7/10/2011,9.25,3,3,0,2,1
1648,0,0,0,18,7/11/2011,1.5,2,2,0,2,0
1649,1,0,1,18,7/16/2011,3,2,2,0,2,1
1650,0,1,1,18,7/21/2011,1.5,1,1,0,5,1
1651,0,0,0,18,7/30/2011,4,4,4,0,2,0
1652,0,2,2,18,8/3/2011,4,3,3,0,4,1
1654,0,0,0,18,8/13/2011,8.33,2,2,0,2,0
1655,1,0,1,18,8/14/2011,2,2,2,0,2,1
1656,0,0,0,18,8/14/2011,4.75,2,2,0,2,0
1657,0,0,0,18,8/20/2011,2.75,2,2,0,2,0
1729,1,0,1,28,5/27/2011,2.5,2,2,0,2,1
1733,0,1,1,20,7/3/2011,6,2,2,0,2,1
1735,0,0,0,20,7/3/2011,3.5,2,2,0,2,0
1736,1,1,2,20,7/3/2011,3,2,2,0,2,1
1737,0,0,0,20,7/3/2011,4.75,2,2,0,6,0
1738,0,0,0,20,7/3/2011,1.5,2,2,0,2,0
1739,0,0,0,20,7/3/2011,3,2,2,0,2,0
1740,0,0,0,20,7/3/2011,3.5,2,2,0,2,0
1743,2,6,8,20,7/8/2011,6.5,2,2,0,2,1
1744,0,1,1,20,7/8/2011,2,1,1,0,2,1
1745,0,0,0,20,7/8/2011,3,2,2,0,2,0
1746,0,0,0,20,7/8/2011,2,1,1,0,2,0
1750,0,0,0,20,7/11/2011,6,1,1,0,2,0
1751,0,0,0,20,7/11/2011,4,2,2,0,2,0
1752,0,0,0,20,7/11/2011,3,2,2,0,2,0
1753,0,0,0,20,7/11/2011,4.5,2,2,0,6,1
1754,0,0,0,20,7/11/2011,2,2,2,0,2,0
1755,1,0,1,20,7/11/2011,3.5,2,2,0,2,1
1756,0,1,1,20,7/11/2011,3.5,2,2,0,2,1
1757,1,0,1,20,7/16/2011,5,2,2,0,2,1
1758,0,0,0,20,7/16/2011,4,2,2,0,2,0
1759,1,0,1,20,7/16/2011,5,1,1,0,2,1
1760,0,0,0,20,7/16/2011,4,2,2,0,2,0
1762,0,0,0,20,7/16/2011,3.5,2,2,0,2,0
1763,0,0,0,20,7/23/2011,3.5,2,2,0,2,1
1764,0,0,0,20,7/23/2011,3,2,2,0,2,0
1765,0,0,0,20,7/23/2011,3,2,2,0,2,0
1766,0,0,0,20,7/23/2011,1,1,1,0,1,0
1767,0,0,0,20,7/23/2011,2,2,2,0,2,0
1768,0,0,0,20,7/23/2011,2,2,2,0,2,0
1769,0,2,2,20,7/23/2011,1.5,1,1,0,2,1
1770,0,0,0,20,7/23/2011,1,1,1,0,2,0
1772,0,0,0,20,8/3/2011,1.5,2,2,0,2,0
1774,0,0,0,20,8/7/2011,1.5,2,2,0,2,0
1775,0,0,0,20,8/7/2011,2,2,2,0,2,0
1778,0,0,0,20,8/7/2011,2,2,2,0,2,0
1779,1,0,1,20,8/7/2011,3,2,2,0,2,1
1780,2,0,2,20,8/15/2011,4.5,2,2,0,2,1
1781,0,0,0,20,8/15/2011,4,2,2,0,2,0
1782,0,0,0,20,8/27/2011,1,1,1,0,5,0
1783,0,0,0,20,8/27/2011,2.5,2,2,0,1,0
1785,0,0,0,20,8/30/2011,2.5,3,3,0,2,0
1786,0,0,0,20,8/30/2011,4,1,1,0,2,1
1787,2,6,8,20,9/4/2011,3.5,2,2,0,2,1
1788,0,0,0,20,9/4/2011,2,2,2,0,2,0
1789,0,0,0,20,9/4/2011,1,2,2,0,2,0
1790,0,0,0,20,9/4/2011,3,2,2,0,2,0
1791,0,0,0,22,6/2/2012,0.58,2,2,0,1,0
1792,0,1,1,22,6/3/2012,3.5,2,2,0,1,1
1793,0,0,0,22,6/3/2012,5.67,2,2,0,1,0
1794,1,3,4,22,6/15/2012,1,1,1,0,3,1
1796,0,1,1,22,6/15/2012,3,2,2,0,3,1
1797,1,0,1,22,6/15/2012,4.83,2,2,0,3,1
1798,2,0,2,22,6/15/2012,4,2,2,0,3,1
1800,0,0,0,22,6/16/2012,2,2,2,0,3,0
1801,0,0,0,22,6/16/2012,4.17,2,2,0,3,0
1802,0,1,1,22,6/16/2012,2.5,2,2,0,3,1
1803,0,2,2,22,6/16/2012,4,2,2,0,3,1
1807,0,0,0,22,6/20/2012,2,3,3,0,1,0
1808,0,0,0,22,6/20/2012,3.5,1,1,0,4,0
1810,0,1,1,22,6/24/2012,1,2,2,0,2,1
1812,3,0,3,22,6/24/2012,1.58,2,2,0,2,1
1818,1,0,1,22,6/30/2012,4.25,3,3,0,3,1
1820,1,0,1,22,6/30/2012,1.25,3,3,0,3,1
1821,3,0,3,22,6/30/2012,3.5,3,3,0,4,1
1822,1,0,1,22,6/30/2012,1.75,3,3,0,2,1
1823,3,4,7,22,7/1/2012,3.75,2,2,0,4,1
1824,5,0,5,22,7/1/2012,8.17,3,3,0,2,1
1827,1,1,2,22,7/1/2012,2.5,2,2,0,3,1
1828,1,0,1,22,7/1/2012,1.83,3,3,0,2,1
1829,0,3,3,22,7/1/2012,2.5,2,2,0,3,1
1832,1,0,1,22,7/1/2012,2,3,3,0,2,1
1834,0,3,3,22,7/1/2012,2.67,2,2,0,3,1
1839,2,0,2,22,7/6/2012,0.83,2,2,0,1,1
1841,1,0,1,22,7/7/2012,6.25,3,3,0,3,1
1850,2,0,2,22,7/24/2012,7,3,3,0,3,1
1851,0,0,0,22,7/25/2012,5.33,3,3,0,3,0
1856,1,0,1,22,7/28/2012,4.92,2,2,0,3,1
1858,0,0,0,22,7/28/2012,3,2,2,0,3,0
1859,1,0,1,22,7/28/2012,1.17,5,5,0,3,1
1866,1,0,1,22,7/29/2012,3.58,2,2,0,3,1
1867,1,0,1,22,7/29/2012,4,1,1,0,1,1
1868,1,5,6,22,7/29/2012,5.25,2,2,0,1,1
1871,2,0,2,22,8/10/2012,4,4,4,0,6,1
1874,0,1,1,22,8/11/2012,1.67,1,1,0,3,1
1875,0,1,1,22,8/11/2012,5,2,2,0,3,1
1876,1,0,1,22,8/11/2012,1.5,1,1,0,3,1
1877,0,5,5,22,8/14/2012,5,4,4,0,6,1
1879,0,1,1,22,8/18/2012,4.83,2,2,0,3,1
1880,0,1,1,22,8/18/2012,2.67,1,1,0,3,1
1882,0,1,1,22,8/19/2012,2.17,2,2,0,3,1
1885,0,1,1,22,9/2/2012,6.33,2,2,0,3,1
1886,1,0,1,22,9/2/2012,4.43,2,2,0,3,1
1887,0,2,2,22,9/2/2012,4.67,4,4,0,3,1
1888,0,2,2,22,9/2/2012,6.05,3,3,0,3,1
1890,0,1,1,22,9/3/2012,3.92,2,2,0,3,1
1892,0,0,0,21,5/23/2005,1,1,1,0,2,0
1893,0,1,1,21,5/23/2005,3,4,4,0,2,1
1894,2,0,2,21,5/23/2005,2.25,2,2,0,2,1
1895,0,0,0,21,5/23/2005,2,1,1,0,2,0
1897,0,0,0,21,5/23/2005,2.5,4,4,0,3,0
1899,1,0,1,21,5/28/2005,2.75,2,2,0,2,1
1902,0,0,0,21,6/5/2005,2.5,2,2,0,3,1
1903,0,1,1,21,6/5/2005,2.75,2,2,0,3,1
1905,4,0,4,21,6/8/2005,3.5,2,2,0,2,1
1910,1,4,5,21,6/19/2005,3,1,1,0,5,1
1911,0,0,0,21,6/19/2005,3.25,2,2,0,5,1
1912,0,0,0,21,6/20/2005,2.42,2,2,0,5,0
1919,0,1,1,21,7/3/2005,4.5,1,1,0,2,1
1921,0,2,2,21,7/30/2005,2.67,2,2,0,5,1
1925,0,0,0,21,8/5/2005,1.25,1,1,0,4,0
1931,1,0,1,21,8/12/2005,3.67,2,2,0,2,1
1933,1,1,2,21,8/12/2005,3.67,3,3,0,3,1
1934,1,0,1,21,8/12/2005,2.33,2,2,0,3,1
1938,1,0,1,21,8/15/2005,4.5,3,3,0,2,1
1941,0,1,1,21,8/20/2005,3.75,1,1,0,5,1
1943,0,0,0,21,9/3/2005,1.25,2,2,0,2,0
1947,0,0,0,21,5/22/2005,0.75,1,1,0,2,0
1950,1,1,2,21,5/22/2005,2,2,2,0,3,1
1951,0,1,1,21,5/22/2005,3.25,1,1,0,3,1
1952,1,0,1,21,5/22/2005,2.5,2,2,0,3,1
1954,2,0,2,21,5/22/2005,1.5,2,2,0,2,1
1955,0,2,2,21,5/22/2005,6.5,2,2,0,2,1
1966,0,1,1,21,5/29/2005,4.5,2,2,0,3,1
1967,1,0,1,21,6/7/2005,1,2,2,1,4,1
1968,1,0,1,21,6/7/2005,2.5,2,2,0,4,1
1969,1,1,2,21,6/7/2005,2.25,2,2,0,4,1
1970,0,1,1,21,6/12/2005,2,2,2,0,4,1
1971,0,2,2,21,6/13/2005,3.5,2,2,0,4,1
1972,0,2,2,21,6/13/2005,3.75,2,2,0,4,1
1973,0,3,3,21,6/24/2005,2.92,2,2,0,2,1
1974,0,0,0,21,6/24/2005,1,2,2,0,2,0
1976,0,0,0,21,6/25/2005,2.25,2,2,0,2,1
1977,0,0,0,21,6/25/2005,3.25,1,1,0,3,1
1979,0,0,0,21,6/25/2005,4.42,2,2,0,2,1
1995,0,0,0,21,8/14/2005,3.5,1,1,0,2,0
1997,0,0,0,21,8/14/2005,1.25,1,1,0,2,0
1999,0,0,0,21,8/14/2005,2.42,1,1,0,2,1
2003,0,0,0,23,5/19/2012,1.5,1,1,0,2,0
2007,0,0,0,23,5/19/2012,3,3,3,0,2,0
2008,0,0,0,23,5/19/2012,1,2,2,0,2,0
2010,0,0,0,23,5/19/2012,2,2,2,0,2,0
2013,0,0,0,23,6/3/2012,1,4,4,0,2,0
2014,0,0,0,23,6/3/2012,1.5,2,2,0,2,0
2015,0,7,7,23,6/3/2012,3,1,1,0,5,1
2016,0,0,0,23,6/16/2012,2.5,2,2,0,2,0
2018,0,0,0,23,6/16/2012,9.25,1,1,0,2,0
2020,0,0,0,23,6/27/2012,1,1,1,0,3,0
2021,0,1,1,23,6/27/2012,12.75,1,1,0,6,1
2022,0,0,0,23,6/27/2012,4.58,1,1,0,2,1
2023,0,0,0,23,6/30/2012,7,3,3,0,2,1
2024,0,0,0,23,6/30/2012,7.17,2,2,0,2,1
2026,1,1,2,23,6/30/2012,3.08,3,3,0,2,1
2028,1,0,1,23,6/30/2012,4.58,3,3,0,2,1
2029,0,0,0,23,6/30/2012,4.08,2,2,0,2,1
2030,0,0,0,23,6/30/2012,3,2,2,0,3,1
2031,0,0,0,23,6/30/2012,1,1,1,0,2,1
2032,0,0,0,23,7/6/2012,4,2,2,0,2,1
2033,0,0,0,23,7/6/2012,7.75,1,1,0,2,0
2034,0,0,0,23,7/6/2012,2.08,2,2,0,3,1
2035,0,0,0,23,7/7/2012,9.83,2,2,0,3,0
2039,0,0,0,23,7/14/2012,9.92,3,3,0,2,1
2040,1,4,5,23,7/14/2012,8.5,2,2,0,2,1
2044,0,0,0,23,7/15/2012,6.25,2,2,0,3,1
2045,1,0,1,23,7/15/2012,3.08,2,2,0,2,1
2050,1,1,2,23,7/28/2012,1.5,2,2,0,2,1
2062,0,0,0,23,8/19/2012,5.25,2,2,0,3,0
2066,0,0,0,23,8/19/2012,3.42,1,1,0,5,0
2068,0,0,0,23,5/20/2012,2,3,3,0,3,0
2069,1,0,1,23,5/20/2012,3,2,2,0,3,1
2070,0,0,0,23,5/20/2012,1,3,3,0,3,0
2071,0,0,0,23,5/20/2012,2.5,3,3,0,3,0
2072,0,0,0,23,5/20/2012,2,2,2,0,2,0
2073,0,0,0,23,5/20/2012,2.33,3,3,0,2,0
2076,1,0,1,23,6/17/2012,2.33,2,2,0,5,1
2078,1,0,1,23,6/17/2012,2.5,4,4,0,2,1
2081,0,2,2,23,7/1/2012,6.5,1,1,0,2,1
2083,0,0,0,23,7/1/2012,5.58,2,2,0,2,0
2085,0,0,0,23,7/12/2012,2.42,4,4,0,3,0
2090,2,5,7,23,8/6/2012,12.75,4,4,0,2,1
2092,0,0,0,23,8/10/2012,9.42,2,2,0,6,1
2094,1,0,1,23,8/10/2012,5.08,3,3,0,2,1
2095,0,0,0,23,8/18/2012,3.17,2,2,0,2,0
2102,1,0,1,23,9/2/2012,3.8,4,4,0,2,1
2104,2,0,2,24,5/21/2005,1.58,2,2,0,2,1
2105,2,1,3,24,5/21/2005,2.67,4,4,0,2,1
2108,0,1,1,24,5/21/2005,2.5,2,2,0,2,1
2109,1,0,1,24,5/21/2005,2.5,2,2,0,2,1
2110,0,0,0,24,5/21/2005,4.75,2,2,0,2,0
2113,2,0,2,24,5/21/2005,1.25,2,2,0,2,1
2115,1,0,1,24,5/21/2005,0.67,1,1,0,2,1
2116,0,2,2,24,5/21/2005,1.92,4,4,0,2,1
2117,1,0,1,24,5/21/2005,1.5,2,2,0,2,1
2120,0,0,0,24,6/7/2005,4.83,2,2,0,2,1
2121,2,0,2,24,6/7/2005,4,2,2,0,2,1
2122,2,1,3,24,6/7/2005,8.83,2,2,0,2,1
2123,0,1,1,24,6/7/2005,0.42,1,1,0,5,1
2124,0,0,0,24,6/12/2005,0.58,1,1,1,2,1
2125,3,0,3,24,6/12/2005,11.4,4,4,0,2,1
2126,0,0,0,24,6/12/2005,1.17,2,2,0,2,0
2127,0,0,0,24,6/12/2005,2.25,1,1,0,5,1
2128,0,1,1,24,6/13/2005,3.92,2,2,0,2,1
2129,0,0,0,24,6/13/2005,3.08,1,1,0,5,1
2130,0,0,0,24,6/13/2005,3.08,2,2,0,4,1
2131,0,0,0,24,6/13/2005,1.08,2,2,0,2,1
2132,0,6,6,24,6/18/2005,1.75,3,3,0,2,1
2133,0,0,0,24,6/18/2005,5.92,3,3,0,2,1
2141,0,0,0,24,6/24/2005,1,2,2,0,6,0
2144,2,0,2,24,7/2/2005,3.58,2,2,0,2,1
2145,0,0,0,24,7/2/2005,1.75,2,2,0,2,0
2146,0,0,0,24,7/2/2005,3.33,2,2,0,2,0
2147,0,0,0,24,7/2/2005,1.83,2,2,0,2,1
2148,0,0,0,24,7/2/2005,6,3,3,0,2,0
2149,1,0,1,24,7/7/2005,2.42,2,2,0,4,1
2154,0,1,1,24,7/16/2005,7.83,3,3,0,2,1
2164,0,0,0,24,8/28/2005,7.08,2,2,0,2,1
2165,2,0,2,24,9/4/2005,5,2,2,0,5,1
2169,0,1,1,25,6/2/2013,1.33,1,1,0,2,1
2170,0,0,0,25,6/2/2013,5.67,3,3,0,2,0
2171,0,0,0,25,6/2/2013,2.92,5,4,0,2,0
2172,0,0,0,25,6/2/2013,1,2,2,0,2,0
2173,0,0,0,25,6/2/2013,4.17,3,3,0,2,0
2176,0,0,0,25,6/8/2013,8.58,1,1,0,2,1
2177,3,0,3,25,6/8/2013,9.42,2,2,0,2,1
2178,1,0,1,25,6/8/2013,9.25,4,4,0,2,1
2179,0,0,0,25,6/8/2013,8.08,2,2,0,2,0
2181,0,0,0,25,6/8/2013,4,2,2,0,2,1
2183,0,0,0,25,6/8/2013,6.17,2,2,0,2,0
2185,0,0,0,25,6/8/2013,1.42,1,1,0,2,0
2186,0,0,0,25,6/8/2013,2,1,1,0,4,0
2187,3,0,3,25,6/8/2013,4,2,2,0,2,1
2188,0,0,0,25,6/8/2013,1.92,2,2,0,2,0
2189,0,0,0,25,6/11/2013,2.42,2,2,0,2,0
2190,0,0,0,25,6/11/2013,3,3,3,0,2,0
2191,0,0,0,25,6/14/2013,2.3,2,2,0,2,0
2192,2,0,2,25,6/14/2013,10.92,1,1,0,2,1
2193,0,0,0,25,6/14/2013,3.33,2,2,0,2,0
2194,0,0,0,25,6/14/2013,2.5,2,2,0,2,0
2195,0,0,0,25,6/14/2013,6.42,2,2,0,2,0
2196,0,0,0,25,6/14/2013,1.25,1,1,0,2,0
2198,0,0,0,25,6/14/2013,1.5,1,1,0,2,0
2199,0,0,0,25,6/14/2013,2.33,1,1,0,2,0
2200,0,0,0,25,6/20/2013,2.67,2,1,0,2,0
2201,1,0,1,25,6/20/2013,1.08,1,1,0,2,1
2204,1,0,1,25,6/23/2013,1.5,2,2,0,2,1
2205,3,0,3,25,6/23/2013,1.92,2,2,0,2,1
2206,2,0,2,25,6/23/2013,3.75,2,2,0,2,1
2208,0,0,0,25,6/23/2013,0.75,1,1,0,2,0
2209,1,0,1,25,6/23/2013,2.42,1,1,0,2,1
2210,0,0,0,25,6/23/2013,4.17,1,1,0,2,0
2212,0,1,1,25,6/23/2013,14.17,1,1,0,2,1
2215,0,0,0,25,6/23/2013,3,2,2,0,2,0
2218,0,0,0,25,6/29/2013,9.17,2,2,0,2,0
2220,0,0,0,25,6/29/2013,3.5,2,2,0,2,1
2222,9,0,9,25,6/29/2013,3.5,4,4,0,2,1
2224,8,0,8,25,6/29/2013,6,3,3,0,2,1
2225,3,0,3,25,6/29/2013,3.5,2,2,0,2,1
2229,0,0,0,25,7/5/2013,2.58,2,2,0,2,0
2230,0,0,0,25,7/5/2013,8.5,1,1,0,2,0
2232,0,0,0,25,7/5/2013,2.67,4,4,0,2,0
2233,4,0,4,25,7/5/2013,4.08,3,3,0,2,1
2235,0,0,0,25,7/5/2013,0.83,1,1,0,2,0
2236,1,0,1,25,7/5/2013,13.98,1,1,0,2,1
2237,2,1,3,25,7/6/2013,8.25,1,1,0,2,1
2240,0,0,0,25,7/6/2013,8.58,1,1,0,2,0
2241,6,0,6,25,7/6/2013,3.58,2,2,0,2,1
2242,1,0,1,25,7/6/2013,3.83,2,2,0,2,1
2246,0,0,0,25,7/6/2013,4.08,3,3,0,2,0
2247,1,0,1,25,7/6/2013,1.83,3,3,0,4,1
2249,0,0,0,25,7/6/2013,1.83,4,4,0,2,0
2250,0,0,0,25,7/14/2013,4.17,3,3,0,2,1
2252,0,0,0,25,7/14/2013,3.08,2,2,0,2,0
2253,0,2,2,25,7/14/2013,2.25,1,1,0,4,1
2256,0,1,1,25,7/14/2013,3.42,1,1,0,2,1
2259,1,0,1,25,7/15/2013,3.75,3,3,0,2,1
2260,0,0,0,25,7/15/2013,1.58,2,2,0,2,0
2261,0,0,0,25,7/24/2013,6.5,1,1,0,2,0
2262,0,0,0,25,7/24/2013,5.67,1,1,0,2,1
2263,0,0,0,25,7/24/2013,2,2,2,0,2,0
2265,0,0,0,25,7/24/2013,2.5,1,1,0,2,0
2266,0,0,0,25,7/24/2013,1.42,1,1,0,2,0
2267,1,0,1,25,7/27/2013,2.5,2,2,0,2,1
2268,0,0,0,25,7/27/2013,4.67,2,2,0,2,0
2269,0,0,0,25,7/27/2013,6.5,4,4,0,3,0
2270,0,0,0,25,7/27/2013,2.75,1,1,0,2,0
2271,0,0,0,25,7/27/2013,2.25,1,1,0,2,0
2272,0,4,4,25,7/27/2013,2.75,1,1,0,2,1
2273,0,0,0,25,7/27/2013,1.25,5,5,0,2,0
2274,0,0,0,25,8/4/2013,1.08,2,2,0,2,0
2275,0,0,0,25,8/4/2013,2.17,2,2,0,2,0
2277,0,0,0,25,8/4/2013,4.25,1,1,0,2,0
2278,0,0,0,25,8/4/2013,1.25,1,1,0,2,0
2279,0,1,1,25,8/4/2013,6.92,2,2,0,2,1
2280,1,0,1,25,8/4/2013,0.33,2,2,0,2,1
2281,0,0,0,25,8/8/2013,2.25,2,2,0,2,0
2282,0,0,0,25,8/8/2013,1.08,1,1,0,2,0
2284,0,0,0,25,8/9/2013,0.5,1,1,0,2,0
2285,0,0,0,25,8/9/2013,2.42,1,1,0,2,0
2286,3,0,3,25,8/9/2013,9.75,2,2,0,2,1
2291,0,0,0,25,8/18/2013,0.58,2,2,0,2,0
2292,0,0,0,25,8/18/2013,10.58,1,1,0,4,0
2293,0,0,0,25,8/18/2013,8.75,2,2,0,2,0
2294,0,0,0,25,8/18/2013,5.5,2,1,0,2,0
2296,0,0,0,25,8/18/2013,5.5,2,2,0,2,0
2297,0,0,0,25,8/18/2013,2.5,2,2,0,2,0
2298,1,0,1,25,8/18/2013,3,3,3,0,2,1
2300,1,0,1,25,8/29/2013,1,2,2,0,4,1
2303,0,0,0,25,8/29/2013,1.5,2,2,0,2,0
2304,0,0,0,25,8/29/2013,1,1,1,0,2,0
2305,2,0,2,25,9/2/2013,2.42,2,2,0,2,1
2306,0,0,0,25,9/2/2013,1.67,1,1,0,2,0
2308,0,0,0,25,9/2/2013,1.5,2,2,0,2,0
2359,0,2,2,27,6/1/2013,9.17,2,2,0,2,1
2360,0,0,0,27,6/1/2013,5.25,2,2,0,2,0
2361,0,0,0,27,6/1/2013,4.83,2,2,0,2,0
2362,0,0,0,27,6/1/2013,2.5,2,2,0,2,0
2363,0,0,0,27,6/4/2013,3.1,3,3,0,2,0
2366,0,5,5,27,6/21/2013,1.58,2,2,0,2,1
2367,0,2,2,27,6/22/2013,6.5,2,2,0,2,1
2369,1,0,1,27,6/22/2013,4.25,2,2,0,3,1
2371,1,0,1,27,6/30/2013,1.17,1,1,0,2,1
2372,0,0,0,27,6/30/2013,1.58,4,4,0,2,0
2373,1,0,1,27,6/30/2013,1.92,2,2,0,2,1
2378,0,0,0,27,7/11/2013,1.67,1,1,0,4,0
2379,1,0,1,27,7/12/2013,0.42,1,1,0,2,1
2380,0,0,0,27,7/12/2013,1.08,2,2,0,2,0
2381,0,0,0,27,7/12/2013,1.75,2,2,0,2,0
2386,0,1,1,27,7/28/2013,3.92,2,2,0,4,1
2387,0,0,0,27,7/28/2013,0.83,1,1,0,2,0
2388,1,0,1,27,8/10/2013,7.75,3,3,0,2,1
2393,0,0,0,27,9/1/2013,11.42,1,1,0,2,0
2394,0,0,0,27,9/1/2013,7.83,3,3,0,2,1
2395,0,0,0,27,9/1/2013,9.67,3,3,0,2,1
2396,0,0,0,27,9/1/2013,4.92,2,2,0,2,0
2400,0,0,0,30,7/7/2013,13.5,2,2,0,2,0
2474,0,13,13,33,6/2/2013,7.75,3,3,1,4,1
2475,0,12,12,33,6/6/2013,9.08,2,2,1,4,1
2476,0,2,2,33,6/9/2013,5.25,2,2,0,5,1
2477,0,3,3,33,6/9/2013,3,2,2,0,5,1
2478,0,11,11,33,6/9/2013,7.83,3,3,1,0,1
2480,0,4,4,33,6/14/2013,2,2,2,0,1,1
2482,0,8,8,33,6/19/2013,4.5,2,2,1,6,1
2483,0,8,8,33,6/25/2013,1.92,4,4,1,6,1
2484,0,3,3,33,6/25/2013,1.92,4,4,1,6,1
2485,1,13,14,33,7/11/2013,6.5,4,4,1,0,1
2486,1,5,6,33,7/15/2013,8.5,1,1,1,6,1
2487,0,3,3,33,7/15/2013,8,2,2,1,6,1
2488,0,20,20,33,7/23/2013,20,1,1,0,6,1
2489,1,2,3,33,7/23/2013,6,3,3,1,6,1
2490,1,2,3,33,7/23/2013,6,3,3,1,6,1
2492,0,6,6,33,7/28/2013,4.5,2,2,1,6,1
2493,0,2,2,33,8/2/2013,3.5,2,2,0,6,1
2494,0,1,1,33,8/5/2013,0.5,1,1,0,6,1
2496,0,3,3,33,8/27/2013,7.5,2,2,1,6,1
2497,0,4,4,33,8/27/2013,7.5,2,2,1,6,1
2498,0,4,4,33,8/28/2013,8,2,2,0,6,1
2499,0,2,2,33,8/28/2013,7.5,2,2,0,6,1
2500,0,2,2,33,9/14/2013,3,2,2,0,5,1
2501,0,1,1,33,9/14/2013,3,2,2,0,5,1
2502,0,3,3,33,9/24/2013,5.5,2,2,1,6,1
2503,0,0,0,33,6/2/2013,0.58,2,2,0,1,0
2505,2,0,2,33,6/9/2013,3,4,4,0,2,1
2506,0,0,0,33,6/9/2013,0.5,4,4,0,2,0
2508,0,0,0,33,6/10/2013,1,3,3,0,1,0
2509,0,0,0,33,6/10/2013,1.08,3,3,0,1,0
2510,0,11,11,33,6/10/2013,4.5,3,3,0,5,1
2512,0,3,3,33,6/10/2013,2,1,1,0,0,1
2514,0,2,2,33,6/14/2013,4.5,2,2,0,2,1
2517,0,6,6,33,6/14/2013,2.5,2,2,0,2,1
2518,0,0,0,33,6/15/2013,7.5,4,4,0,2,1
2519,0,1,1,33,6/15/2013,2.33,3,3,0,2,1
2520,0,1,1,33,6/15/2013,4,2,2,0,2,1
2523,2,0,2,33,6/18/2013,5,2,2,0,1,1
2524,0,0,0,33,6/23/2013,0.33,2,2,0,2,0
2525,1,2,3,33,6/25/2013,2.17,2,2,0,2,1
2526,0,4,4,33,6/29/2013,9.25,3,3,0,2,1
2527,0,1,1,33,6/29/2013,4,2,2,0,2,1
2535,3,11,14,33,7/5/2013,2,4,4,0,2,1
2537,0,0,0,33,7/6/2013,1.5,2,2,0,2,0
2538,1,0,1,33,7/6/2013,1.58,2,2,0,2,1
2539,0,0,0,33,7/6/2013,3.33,1,1,0,2,0
2540,0,0,0,33,7/6/2013,3.33,2,2,0,2,0
2542,1,0,1,33,7/6/2013,1.33,2,2,0,2,1
2543,0,1,1,33,7/13/2013,1.42,4,4,0,1,1
2547,0,0,0,33,7/14/2013,5.25,2,2,0,2,0
2548,0,3,3,33,7/14/2013,2,2,2,0,1,1
2549,0,0,0,33,7/14/2013,0.33,2,2,0,2,0
2550,1,0,1,33,7/15/2013,4.5,2,2,0,2,1
2551,0,6,6,33,7/15/2013,3.75,2,2,0,2,1
2552,0,1,1,33,7/24/2013,2.17,2,2,0,2,1
2553,0,0,0,33,7/24/2013,2.5,2,2,0,2,0
2554,2,4,6,33,7/27/2013,1.75,6,6,0,1,1
2555,1,3,4,33,7/27/2013,4.5,2,2,0,2,1
2574,0,0,0,33,8/24/2013,2.25,2,2,0,2,0
2575,0,0,0,33,8/27/2013,0.08,3,3,0,2,0
2577,0,0,0,33,9/1/2013,2,3,3,0,2,0
2578,0,2,2,33,9/1/2013,2,2,2,0,2,1
2579,0,0,0,33,9/2/2013,2.25,2,2,0,2,0
2580,0,8,8,33,9/5/2013,1.5,1,1,0,2,1
2581,0,0,0,33,9/8/2013,0.17,2,2,0,0,0
2582,1,0,1,33,9/8/2013,1.25,3,3,0,2,1
2584,0,1,1,33,9/14/2013,1.33,2,2,0,2,1
2585,0,0,0,34,6/13/2014,3,2,2,0,2,0
2586,2,1,3,34,6/14/2014,3,2,2,0,1,1
2587,0,0,0,34,6/14/2014,1.5,3,2,0,1,0
2588,4,0,4,34,6/14/2014,5,2,2,0,2,1
2589,0,0,0,34,6/14/2014,1,1,1,0,2,0
2590,1,1,2,34,6/14/2014,3,2,2,0,2,1
2591,0,3,3,34,6/22/2014,0.58,1,1,0,2,1
2592,0,0,0,34,6/22/2014,0.42,1,1,0,2,0
2593,1,0,1,34,6/22/2014,3,5,5,0,2,1
2594,3,0,3,34,6/24/2014,7,2,2,0,2,1
2595,1,0,1,34,6/24/2014,6,2,2,0,2,1
2596,0,0,0,34,6/24/2014,3.67,2,2,0,2,0
2597,3,9,12,34,6/28/2014,7.25,2,2,0,2,1
2598,3,9,12,34,6/28/2014,5,2,2,0,1,1
2599,0,0,0,34,6/28/2014,0.75,3,3,0,1,0
2600,3,4,7,34,6/28/2014,6.5,2,2,0,1,1
2601,0,2,2,34,6/28/2014,7,2,2,0,2,1
2602,3,0,3,34,7/5/2014,5.17,2,2,0,2,1
2606,1,1,2,34,7/20/2014,1,2,2,0,2,1
2608,3,2,5,34,7/21/2014,4,2,2,0,3,1
2609,4,0,4,34,7/26/2014,7.5,3,3,0,2,1
2610,1,0,1,34,7/26/2014,1.17,2,2,0,2,1
2611,1,5,6,34,7/27/2014,1.67,2,2,0,2,1
2612,3,2,5,34,7/27/2014,2,1,1,0,3,1
2613,7,3,10,34,7/27/2014,2,3,2,0,2,1
2615,4,0,4,34,8/3/2014,1,1,1,0,2,1
2616,3,0,3,34,8/3/2014,2.42,1,1,0,1,1
2617,4,4,8,34,8/3/2014,4,2,2,0,2,1
2618,0,0,0,34,8/3/2014,1,2,2,0,1,0
2619,3,0,3,34,8/3/2014,5.42,2,2,0,1,1
2620,2,1,3,34,8/3/2014,5.5,2,2,0,2,1
2621,2,1,3,34,8/3/2014,4,2,2,0,2,1
2623,3,0,3,34,8/4/2014,4.25,3,2,0,2,1
2624,0,0,0,34,8/9/2014,1,1,1,0,2,0
2625,2,5,7,34,8/14/2014,2.5,2,2,0,4,1
2626,0,0,0,34,8/14/2014,2.5,2,2,0,4,0
2627,1,13,14,34,8/14/2014,6.67,2,2,0,2,1
2628,3,1,4,34,8/16/2014,4,3,3,0,2,1
2629,0,0,0,34,8/16/2014,0.5,1,1,0,6,0
2630,1,5,6,34,8/16/2014,2.25,2,2,0,2,1
2631,4,1,5,34,8/16/2014,7,3,2,0,6,1
2632,5,3,8,34,8/16/2014,5,3,3,0,2,1
2633,0,0,0,34,8/17/2014,1.5,3,3,0,2,0
2634,0,0,0,34,8/17/2014,2,2,2,0,6,0
2635,2,0,2,34,8/17/2014,4,3,3,0,6,1
2637,2,0,2,34,8/20/2014,2.5,2,2,0,2,1
2638,2,2,4,34,8/31/2014,3.75,1,1,0,4,1
2639,1,0,1,34,9/1/2014,8,1,1,0,4,1
2640,0,0,0,34,9/4/2014,6,1,1,0,4,0
2642,0,0,0,34,9/8/2014,0.67,1,1,0,6,0
2643,2,1,3,34,9/8/2014,4,1,1,0,4,1
2644,1,1,2,34,9/21/2014,5,1,1,0,4,1
2645,0,0,0,34,9/21/2014,1,1,1,0,1,0
2646,0,1,1,35,6/1/2014,2,1,1,0,4,1
2647,0,0,0,35,6/1/2014,2,1,1,0,4,0
2648,0,0,0,35,6/1/2014,1.25,3,3,0,2,0
2649,0,0,0,35,6/1/2014,3,3,3,0,2,0
2650,6,0,6,35,6/1/2014,2.75,2,2,0,2,1
2651,1,0,1,35,6/1/2014,1.5,3,3,0,2,1
2652,0,0,0,35,6/1/2014,3.33,2,2,0,2,0
2653,0,0,0,35,6/1/2014,5.25,1,1,0,2,0
2654,0,0,0,35,6/1/2014,1.5,2,2,0,2,0
2655,0,0,0,35,6/1/2014,3.5,2,2,0,2,0
2656,0,1,1,35,6/1/2014,1,2,2,0,2,1
2657,1,0,1,35,6/1/2014,5,2,2,0,2,1
2659,0,0,0,35,6/5/2014,1,2,2,0,2,0
2660,0,0,0,35,6/5/2014,1.75,2,2,0,2,0
2661,0,0,0,35,6/5/2014,1.75,1,1,0,2,0
2664,0,0,0,35,6/8/2014,0.83,2,2,0,2,0
2665,0,0,0,35,6/8/2014,1.25,2,2,0,2,0
2667,1,0,1,35,6/8/2014,1.25,2,2,0,2,1
2668,0,0,0,35,6/8/2014,4.25,2,2,0,2,0
2669,0,2,2,35,6/8/2014,3,2,2,0,2,1
2670,0,3,3,35,6/9/2014,10.5,2,2,0,1,1
2671,7,1,8,35,6/9/2014,8.25,3,3,0,2,1
2673,1,1,2,35,6/13/2014,1.75,1,1,0,2,1
2674,1,0,1,35,6/13/2014,3,2,2,0,2,1
2675,0,4,4,35,6/13/2014,6.75,3,3,0,2,1
2676,0,0,0,35,6/13/2014,1,2,2,0,2,0
2678,0,0,0,35,6/13/2014,1.5,2,2,0,2,0
2679,0,0,0,35,6/14/2014,1,1,1,0,2,0
2680,0,0,0,35,6/14/2014,1,2,2,0,2,0
2681,1,0,1,35,6/14/2014,4,2,2,0,2,1
2682,0,0,0,35,6/14/2014,4.5,1,1,0,2,0
2683,0,0,0,35,6/14/2014,2.25,3,3,0,2,0
2686,1,0,1,35,6/14/2014,5,4,4,0,2,1
2687,0,0,0,35,6/14/2014,4.5,2,2,0,2,0
2688,0,0,0,35,6/14/2014,1.75,1,1,0,2,0
2689,0,0,0,35,6/14/2014,1.25,2,2,0,2,0
2690,1,0,1,35,6/14/2014,2.75,2,2,0,2,1
2691,3,1,4,35,6/14/2014,5,2,2,0,1,1
2692,0,0,0,35,6/14/2014,5.25,3,3,0,2,0
2693,0,1,1,35,6/14/2014,3.75,1,1,0,2,1
2694,1,1,2,35,6/14/2014,3.75,2,2,0,2,1
2695,1,0,1,35,6/14/2014,3.25,3,3,0,2,1
2696,1,0,1,35,6/14/2014,7.25,3,3,0,2,1
2699,1,0,1,35,6/22/2014,1.5,1,1,0,2,1
2700,0,0,0,35,6/22/2014,1.5,1,1,0,2,0
2701,0,3,3,35,6/24/2014,3.75,2,2,0,2,1
2703,0,0,0,35,6/28/2014,1,2,2,0,2,0
2704,0,0,0,35,6/28/2014,3,2,2,0,2,0
2705,0,0,0,35,6/28/2014,2,3,3,0,2,0
2706,2,0,2,35,6/28/2014,3,3,3,0,1,1
2708,0,1,1,35,6/28/2014,1,1,1,0,2,1
2709,0,2,2,35,6/28/2014,4.25,3,3,0,2,1
2710,0,2,2,35,6/28/2014,1,2,2,0,2,1
2711,0,0,0,35,6/28/2014,2.25,2,2,0,1,0
2713,0,0,0,35,6/28/2014,3.5,3,3,0,2,0
2714,0,0,0,35,6/28/2014,3.25,2,2,0,2,0
2715,1,0,1,35,6/28/2014,4.5,1,1,0,2,1
2717,0,1,1,35,6/28/2014,5,2,2,0,2,1
2718,0,0,0,35,6/28/2014,3.75,2,2,0,2,0
2719,2,0,2,35,6/28/2014,4.75,2,2,0,2,1
2720,4,0,4,35,6/28/2014,4.75,2,2,0,2,1
2722,0,0,0,35,6/28/2014,1,1,1,0,2,0
2723,0,0,0,35,6/28/2014,2,2,2,0,2,0
2724,1,0,1,35,6/29/2014,5,2,2,0,2,1
2725,0,0,0,35,6/29/2014,2,1,1,0,2,0
2726,0,0,0,35,6/29/2014,1.5,2,2,0,2,0
2728,0,0,0,35,6/29/2014,2.5,2,2,0,2,0
2729,0,3,3,35,6/29/2014,5.5,2,2,0,2,1
2730,0,3,3,35,6/29/2014,5,2,2,0,2,1
2731,0,0,0,35,6/29/2014,1.5,3,3,0,2,0
2734,0,0,0,35,6/29/2014,2.5,3,3,0,1,0
2735,0,1,1,35,6/29/2014,1.5,4,4,0,2,1
2739,0,0,0,35,7/4/2014,2.75,1,1,0,2,0
2740,3,0,3,35,7/4/2014,4.5,4,4,0,2,1
2741,1,0,1,35,7/4/2014,4.5,2,2,0,2,1
2742,2,0,2,35,7/5/2014,1,3,3,0,2,1
2743,1,0,1,35,7/5/2014,5,2,2,0,1,1
2744,4,0,4,35,7/5/2014,5,4,4,0,2,1
2745,1,0,1,35,7/5/2014,7,2,2,0,6,1
2746,0,1,1,35,7/5/2014,2.5,1,1,0,6,1
2747,0,0,0,35,7/5/2014,3.25,3,3,0,2,0
2748,0,0,0,35,7/5/2014,1.5,1,1,0,2,0
2750,0,0,0,35,7/10/2014,5,2,2,0,3,0
2751,0,3,3,35,7/10/2014,8.25,2,2,0,6,1
2752,3,0,3,35,7/10/2014,3,3,2,0,2,1
2753,1,0,1,35,7/10/2014,6,2,2,0,2,1
2754,0,3,3,35,7/12/2014,1.75,1,1,0,2,1
2755,0,0,0,35,7/12/2014,1.5,1,1,1,2,0
2756,0,0,0,35,7/12/2014,1,2,2,0,2,0
2757,3,0,3,35,7/12/2014,1.75,2,2,0,2,1
2758,3,0,3,35,7/12/2014,4.75,3,3,0,2,1
2759,2,5,7,35,7/12/2014,5,2,2,0,2,1
2761,1,0,1,35,7/12/2014,7,4,4,0,2,1
2762,0,0,0,35,7/12/2014,3,3,3,0,2,0
2763,0,0,0,35,7/12/2014,3.75,2,2,0,2,0
2764,1,0,1,35,7/12/2014,6.25,5,4,0,2,1
2765,0,1,1,35,7/12/2014,2.5,1,1,0,2,1
2766,0,0,0,35,7/12/2014,1,3,2,0,2,0
2767,4,0,4,35,7/12/2014,6,3,3,0,1,1
2768,0,0,0,35,7/12/2014,5,2,2,0,2,0
2769,3,0,3,35,7/12/2014,4,4,4,0,2,1
2770,0,0,0,35,7/12/2014,1.5,2,2,0,2,0
2771,1,2,3,35,7/13/2014,4.5,4,4,0,2,1
2772,0,0,0,35,7/13/2014,2.25,3,3,0,2,0
2773,5,0,5,35,7/13/2014,6.5,3,3,0,1,1
2774,0,0,0,35,7/13/2014,3.5,2,2,0,2,0
2775,0,0,0,35,7/13/2014,2,2,2,0,2,0
2777,0,0,0,35,7/13/2014,4.75,2,2,0,2,0
2778,0,0,0,35,7/13/2014,1.5,2,2,0,2,0
2779,2,0,2,35,7/13/2014,3.5,2,2,0,2,1
2781,0,1,1,35,7/13/2014,3.75,3,3,0,2,1
2782,2,0,2,35,7/13/2014,4.5,1,1,0,2,1
2783,0,1,1,35,7/13/2014,1,2,2,0,2,1
2784,0,5,5,35,7/13/2014,2.5,2,2,0,2,1
2785,1,0,1,35,7/13/2014,3.5,2,2,0,2,1
2786,1,0,1,35,7/13/2014,3.25,1,1,0,2,1
2787,2,0,2,35,7/13/2014,3.5,1,1,0,2,1
2790,0,1,1,35,7/14/2014,6.25,2,2,0,2,1
2791,2,0,2,35,7/14/2014,3.5,1,1,0,2,1
2792,3,0,3,35,7/14/2014,8.75,3,3,0,2,1
2794,1,0,1,35,7/22/2014,3.5,2,2,0,3,1
2795,1,0,1,35,7/23/2014,4.5,2,2,0,2,1
2796,2,1,3,35,7/23/2014,3.5,2,2,0,2,1
2798,0,0,0,35,7/26/2014,2,1,1,0,2,0
2799,0,0,0,35,7/26/2014,3.5,1,1,0,2,0
2800,0,0,0,35,7/26/2014,2.5,3,3,0,2,0
2801,2,0,2,35,7/26/2014,2.5,3,3,0,2,1
2802,1,1,2,35,7/26/2014,4.5,1,1,0,2,1
2803,1,0,1,35,7/26/2014,6.5,1,1,0,1,1
2804,0,17,17,35,7/26/2014,7.5,2,2,0,2,1
2805,1,2,3,35,7/26/2014,5,1,1,0,2,1
2807,3,2,5,35,7/26/2014,4.5,3,3,0,1,1
2809,1,2,3,35,7/26/2014,5.5,4,4,0,2,1
2810,1,0,1,35,7/26/2014,4,2,2,0,2,1
2812,2,0,2,35,7/26/2014,4.25,1,1,0,2,1
2813,0,0,0,35,7/26/2014,2.5,2,2,0,2,0
2814,0,3,3,35,7/26/2014,8.75,3,3,0,2,1
2816,1,0,1,35,7/26/2014,1,2,2,0,2,1
2817,1,0,1,35,7/26/2014,2,3,3,0,2,1
2818,0,0,0,35,7/27/2014,3,2,2,0,2,0
2820,0,0,0,35,7/27/2014,0.5,1,1,0,1,0
2822,0,1,1,35,7/27/2014,1.5,3,3,0,2,1
2823,0,0,0,35,7/27/2014,2,3,3,0,2,0
2824,0,0,0,35,7/27/2014,2.5,2,2,0,2,0
2826,0,0,0,35,7/27/2014,3,2,2,0,2,0
2827,0,3,3,35,7/27/2014,3.5,1,1,0,2,1
2829,1,0,1,35,8/3/2014,3.5,3,3,0,2,1
2830,1,0,1,35,8/3/2014,1.5,2,2,0,2,1
2831,0,0,0,35,8/3/2014,9.5,2,2,0,2,0
2832,0,5,5,35,8/3/2014,6,3,3,0,2,1
2835,0,0,0,35,8/3/2014,1.5,2,2,0,2,0
2836,0,0,0,35,8/3/2014,1.5,2,2,0,2,0
2837,0,1,1,35,8/3/2014,2.5,2,2,0,2,1
2838,0,0,0,35,8/3/2014,4,1,1,0,2,0
2839,0,0,0,35,8/3/2014,4.5,2,2,0,2,0
2840,0,1,1,35,8/3/2014,6.5,4,4,0,2,1
2842,0,0,0,35,8/8/2014,1.5,2,2,0,2,0
2843,0,0,0,35,8/8/2014,7.5,1,1,0,2,0
2845,0,1,1,35,8/9/2014,3.5,1,1,0,2,1
2846,0,0,0,35,8/9/2014,1,2,2,0,2,0
2847,0,1,1,35,8/14/2014,4,2,2,0,2,1
2848,1,4,5,35,8/16/2014,8,2,2,0,2,1
2850,0,1,1,35,8/16/2014,4,2,2,0,2,1
2852,0,0,0,35,8/16/2014,1.5,2,2,0,2,0
2853,2,0,2,35,8/16/2014,7.5,1,1,0,2,1
2854,0,2,2,35,8/16/2014,4.5,1,1,0,3,1
2855,0,0,0,35,8/16/2014,5,3,3,0,1,0
2856,0,0,0,35,8/16/2014,3.5,3,3,0,2,0
2858,0,0,0,35,8/16/2014,3.5,1,1,0,2,0
2859,5,0,5,35,8/16/2014,5,2,2,0,2,1
2862,3,1,4,35,8/17/2014,3.5,2,2,0,1,1
2863,0,0,0,35,8/17/2014,3.5,2,2,0,2,0
2865,1,2,3,35,8/17/2014,3.5,1,1,0,2,1
2866,0,2,2,35,8/17/2014,3,2,2,0,2,1
2867,0,1,1,35,8/17/2014,3,2,2,0,2,1
2869,0,1,1,35,8/17/2014,3,2,2,0,2,1
2871,0,0,0,35,8/17/2014,2.5,2,2,0,2,0
2872,0,0,0,35,8/17/2014,2,1,1,0,2,0
2873,2,0,2,35,8/17/2014,2.5,2,2,0,2,1
2876,0,0,0,35,8/20/2014,2,2,2,0,2,0
2878,0,1,1,35,8/20/2014,8.5,2,2,0,2,1
2879,2,0,2,35,8/31/2014,4,2,2,0,2,1
2880,3,0,3,35,8/31/2014,4,2,2,0,2,1
2881,0,0,0,35,8/31/2014,1,1,1,0,2,0
2882,0,2,2,35,8/31/2014,2.5,1,1,0,2,1
2884,0,2,2,35,9/8/2014,2,2,2,0,6,1
2887,3,0,3,35,9/12/2014,2,1,1,0,6,1
2888,0,0,0,35,9/12/2014,2,1,1,0,6,0
2889,0,0,0,35,9/12/2014,1.5,1,1,0,6,0
2890,0,0,0,35,9/12/2014,1.5,2,2,0,6,0
2891,1,0,1,35,9/13/2014,6,1,1,0,2,1
2892,0,0,0,35,9/13/2014,4.5,1,1,0,2,0
2894,0,1,1,34,5/31/2014,5.5,2,2,0,2,1
2895,1,20,21,34,5/31/2014,9.08,3,3,0,2,1
2896,0,1,1,34,5/31/2014,5.33,2,2,0,2,1
2898,0,0,0,34,6/5/2014,1,2,2,0,5,0
2899,2,0,2,34,6/5/2014,3.35,3,3,0,1,1
2900,1,0,1,34,6/5/2014,4.5,3,3,0,2,1
2901,6,14,20,34,6/8/2014,15,4,3,0,2,1
2903,2,18,20,34,6/8/2014,8,4,4,0,2,1
2904,2,0,2,34,6/13/2014,3,3,3,0,6,1
2905,0,0,0,34,6/14/2014,3,4,4,0,4,0
2906,4,1,5,34,6/14/2014,3,3,3,0,2,1
2907,6,14,20,34,6/14/2014,3.75,2,2,0,1,1
2908,0,2,2,34,6/15/2014,3,2,2,0,2,1
2909,1,18,19,34,6/15/2014,5,2,2,0,2,1
2910,0,0,0,34,6/15/2014,2,2,2,0,1,0
2911,0,1,1,34,6/15/2014,4.5,2,2,0,2,1
2912,0,0,0,34,6/15/2014,3,1,1,0,2,0
2913,4,0,4,34,6/17/2014,4,2,2,0,1,1
2914,1,0,1,34,6/18/2014,2,2,2,0,1,1
2915,1,4,5,34,6/24/2014,4,1,1,0,1,1
2916,2,0,2,34,6/24/2014,8,2,2,0,2,1
2917,6,8,14,34,6/28/2014,3,2,2,0,1,1
2919,0,0,0,34,6/28/2014,1.5,1,1,0,1,0
2920,2,6,8,34,6/28/2014,4,2,2,0,2,1
2921,1,0,1,34,6/28/2014,1.5,1,1,0,1,1
2922,1,0,1,34,6/28/2014,3,2,2,0,1,1
2923,4,2,6,34,6/29/2014,1,4,4,0,1,1
2924,2,6,8,34,6/29/2014,4,2,2,0,2,1
2926,2,0,2,34,7/4/2014,3,3,3,0,4,1
2927,1,4,5,34,7/4/2014,4,2,2,0,4,1
2928,0,4,4,34,7/5/2014,2,1,1,0,1,1
2929,1,4,5,34,7/5/2014,4.5,1,1,0,2,1
2930,0,14,14,34,7/5/2014,8.67,2,2,0,2,1
2933,3,4,7,34,7/5/2014,7,1,1,0,2,1
2934,1,0,1,34,7/10/2014,3,1,1,0,2,1
2936,1,1,2,34,7/10/2014,8,2,2,0,2,1
2937,1,0,1,34,7/13/2014,6,2,2,0,2,1
2938,1,2,3,34,7/13/2014,9,1,1,0,2,1
2939,0,0,0,34,7/13/2014,3,2,2,0,2,0
2940,0,0,0,34,7/13/2014,5,2,2,0,2,0
2941,0,0,0,34,7/13/2014,4,2,2,0,2,0
2942,0,0,0,34,7/13/2014,0.5,1,1,0,1,0
2943,1,0,1,34,7/14/2014,2,2,2,0,1,1
2945,2,0,2,34,7/14/2014,6,2,2,0,1,1
2946,2,4,6,34,7/14/2014,12,2,2,0,3,1
2947,0,0,0,34,7/19/2014,2,1,1,0,4,0
2948,0,8,8,34,7/19/2014,4.5,2,2,0,2,1
2949,8,0,8,34,7/19/2014,9,2,2,0,2,1
2950,0,0,0,34,7/19/2014,2,2,2,0,2,0
2951,1,2,3,34,7/22/2014,3,2,2,0,4,1
2952,1,1,2,34,7/22/2014,1.5,1,1,0,2,1
2953,0,0,0,34,7/22/2014,4,2,2,0,2,0
2954,0,0,0,34,7/22/2014,4,2,2,0,2,0
2955,1,0,1,34,7/22/2014,1,2,2,0,1,1
2956,2,0,2,34,7/23/2014,3.25,2,2,0,1,1
2957,5,1,6,34,7/26/2014,4,2,2,0,1,1
2959,2,1,3,34,7/26/2014,3,2,2,0,3,1
2960,0,0,0,34,7/26/2014,3.5,2,2,0,4,0
2961,3,5,8,34,7/26/2014,3,1,1,0,1,1
2962,2,2,4,34,7/27/2014,2.75,1,1,0,1,1
2963,2,1,3,34,7/27/2014,3,1,1,0,1,1
2964,4,0,4,34,7/27/2014,3,2,2,0,4,1
2965,2,0,2,34,8/3/2014,3,2,2,0,2,1
2966,0,5,5,34,8/3/2014,10,2,2,0,4,1
2967,0,0,0,34,8/3/2014,2,2,2,0,1,0
2968,2,0,2,34,8/3/2014,5,2,2,0,2,1
2969,0,3,3,34,8/4/2014,3,3,3,0,4,1
2970,0,0,0,34,8/4/2014,3,1,1,0,1,0
2971,0,0,0,34,8/8/2014,4,1,1,0,4,0
2972,0,0,0,34,8/8/2014,1,2,2,0,2,0
2973,0,0,0,34,8/9/2014,1,1,1,0,3,0
2974,6,2,8,34,8/9/2014,4,4,2,0,2,1
2975,1,5,6,34,8/9/2014,5.75,2,2,0,6,1
2976,0,6,6,34,8/10/2014,7,2,2,0,2,1
2977,2,0,2,34,8/10/2014,3,2,2,0,1,1
2978,2,0,2,34,8/10/2014,5,2,2,0,4,1
2979,0,0,0,34,8/10/2014,1,2,2,0,2,0
2980,1,6,7,34,8/10/2014,8,2,2,0,2,1
2981,2,6,8,34,8/10/2014,8,2,2,0,2,1
2982,0,0,0,34,8/21/2014,2.5,1,1,0,4,0
2983,2,0,2,34,8/21/2014,6.5,2,2,0,1,1
2985,0,0,0,34,8/23/2014,3.75,1,1,0,1,0
2986,3,1,4,34,8/23/2014,6,2,2,0,1,1
2987,1,0,1,34,8/23/2014,2,2,2,0,1,1
2988,0,1,1,34,8/24/2014,3,1,1,0,2,1
2992,0,4,4,34,9/13/2014,4,2,2,0,2,1
2993,0,0,0,34,9/13/2014,4,2,2,0,2,0
2995,4,0,4,34,9/13/2014,8,2,2,0,2,1
2996,6,4,10,34,9/17/2014,3.75,1,1,0,1,1
2997,1,0,1,34,9/21/2014,3,1,1,0,1,1
2998,2,0,2,34,9/27/2014,5,1,1,0,1,1
3006,0,5,5,36,5/20/2015,5,2,2,0,2,1
3009,1,0,1,36,5/17/2015,4,2,2,0,1,1
3010,1,0,1,36,5/17/2015,8,2,2,0,2,1
3014,2,1,3,36,5/17/2015,5,4,2,0,3,1
3015,0,0,0,36,5/17/2015,1.5,2,2,0,2,0
3016,0,0,0,36,5/17/2015,1,1,1,0,2,0
3017,0,0,0,36,5/17/2015,2,2,2,0,2,1
3019,1,0,1,36,5/17/2015,3.5,3,2,0,2,1
3020,2,0,2,36,5/17/2015,2,3,2,0,3,1
3025,2,0,2,36,5/23/2015,3,2,2,0,2,1
3028,0,0,0,36,5/23/2015,1.5,4,2,0,3,0
3029,0,3,3,36,5/23/2015,9.5,2,2,0,2,1
3030,1,0,1,36,5/23/2015,8,2,2,0,2,1
3037,0,0,0,36,5/31/2015,5.5,2,2,0,2,1
3038,1,0,1,36,5/31/2015,8.5,2,2,0,2,1
3041,1,0,1,36,5/31/2015,4.5,2,2,0,2,1
3044,1,2,3,36,6/2/2015,6,3,2,0,2,1
3048,0,0,0,36,6/2/2015,5,2,2,0,3,1
3053,1,0,1,36,6/6/2015,6,3,3,0,2,1
3057,1,0,1,36,6/7/2015,2,1,1,0,2,1
3058,0,1,1,36,6/8/2015,3,1,1,0,2,1
3059,1,2,3,36,6/12/2015,8.5,2,2,0,2,1
3064,0,0,0,36,6/14/2015,2.5,1,1,0,3,0
3065,0,0,0,36,6/14/2015,6.5,2,2,0,2,0
3068,0,3,3,36,6/14/2015,2.67,2,2,0,2,1
3077,0,0,0,36,6/18/2015,4,2,2,0,2,1
3082,0,0,0,36,6/20/2015,5,2,2,0,2,1
3084,0,0,0,36,6/20/2015,5.83,2,2,1,4,0
3088,2,26,28,36,6/21/2015,8.25,2,2,1,4,1
3090,0,0,0,36,6/21/2015,4,2,2,0,2,1
3093,1,8,9,36,6/29/2015,5,2,2,1,4,1
3111,0,0,0,36,7/5/2015,3,2,2,0,2,1
3113,0,0,0,36,7/5/2015,7.17,2,2,0,2,1
3114,0,0,0,36,7/5/2015,2,3,3,0,3,0
3120,0,0,0,36,7/12/2015,7.5,3,3,0,2,1
3121,0,0,0,36,7/12/2015,4.67,3,3,0,2,1
3123,0,0,0,36,7/18/2015,4.5,1,1,0,2,1
3128,0,0,0,36,7/19/2015,1.17,1,1,0,2,0
3129,0,0,0,36,7/19/2015,3.17,2,2,0,2,1
3130,0,0,0,36,7/19/2015,2.58,2,2,0,2,0
3131,0,0,0,36,7/19/2015,3.33,2,2,0,2,1
3132,0,0,0,36,7/19/2015,4,2,2,0,2,1
3138,0,1,1,36,7/19/2015,7.83,2,2,0,2,1
3139,0,0,0,36,7/19/2015,7.33,3,3,0,2,1
3142,0,0,0,36,7/22/2015,5.33,2,2,0,2,1
3146,0,0,0,36,7/22/2015,4.92,3,3,0,2,1
3147,0,0,0,36,7/22/2015,2.5,1,1,0,5,0
3148,3,0,3,36,7/22/2015,9,2,2,0,2,1
3150,0,0,0,36,8/1/2015,1.58,2,2,0,2,0
3153,0,10,10,36,8/1/2015,5.75,4,3,0,2,1
3159,0,1,1,36,8/3/2015,3,2,2,0,2,1
3161,0,13,13,36,8/7/2015,4,1,1,1,4,1
3162,0,0,0,36,8/7/2015,4,2,2,0,2,1
3163,0,0,0,36,8/8/2015,5.67,2,2,0,2,1
3173,1,0,1,36,8/16/2015,6.08,2,2,0,2,1
3178,3,9,12,36,8/19/2015,6.75,3,2,1,4,1
3183,0,0,0,37,5/22/2015,1.5,1,1,0,1,0
3184,0,0,0,37,5/23/2015,2,1,1,0,1,0
3185,0,0,0,37,5/23/2015,2.75,1,1,0,1,0
3186,0,0,0,37,5/23/2015,1.75,1,1,0,1,0
3189,0,0,0,37,6/7/2015,1.33,1,1,0,1,0
3190,0,0,0,37,6/7/2015,0.33,1,1,0,2,0
3192,0,0,0,37,6/7/2015,2.58,1,1,0,1,0
3194,3,0,3,37,6/17/2015,1.75,2,2,0,2,1
3195,0,0,0,37,6/17/2015,3.25,2,2,0,2,0
3196,1,0,1,37,6/17/2015,3.25,2,2,0,2,1
3197,1,1,2,37,6/17/2015,4,2,2,0,2,1
3198,2,0,2,37,6/17/2015,3.25,1,1,0,1,1
3201,3,0,3,37,6/19/2015,3.75,1,1,0,1,1
3202,1,0,1,37,6/19/2015,2.5,2,2,0,1,1
3205,0,1,1,37,6/9/2015,12.5,1,1,0,3,1
3206,1,0,1,37,6/20/2015,2,2,2,0,1,1
3207,0,0,0,37,6/20/2015,2,2,2,0,1,0
3208,0,0,0,37,6/21/2015,2.75,2,2,0,3,0
3209,1,2,3,37,6/21/2015,6,2,2,0,3,1
3210,0,0,0,37,6/21/2015,5,6,6,0,1,1
3211,0,0,0,37,6/21/2015,1.5,4,4,0,1,1
3214,2,0,2,37,6/28/2015,2.5,1,1,0,1,1
3215,2,0,2,37,6/28/2015,1.75,2,2,0,1,1
3217,0,1,1,37,7/4/2015,3.75,2,2,0,2,1
3218,0,0,0,37,7/4/2015,0.75,1,1,0,4,0
3219,6,0,6,37,7/4/2015,5.25,2,2,0,1,1
3220,0,1,1,37,7/5/2015,0.5,2,2,0,4,1
3221,0,0,0,37,7/5/2015,1.5,1,1,0,2,0
3222,0,0,0,37,7/5/2015,2,2,2,0,2,0
3223,1,0,1,37,7/9/2015,1.5,1,1,0,1,1
3224,0,0,0,37,7/9/2015,2.25,1,1,0,1,0
3231,0,0,0,37,7/13/2015,7.75,1,1,0,3,0
3236,3,0,3,37,7/18/2015,3,4,4,0,1,1
3237,0,1,1,37,7/18/2015,2.5,2,2,0,2,1
3238,3,3,6,37,7/18/2015,1.75,2,2,0,3,1
3239,0,2,2,37,7/18/2015,3.25,2,2,0,2,1
3241,1,1,2,37,7/18/2015,5,3,3,0,2,1
3242,0,0,0,37,7/18/2015,1.75,2,2,0,3,0
3245,0,0,0,37,8/2/2015,4,2,2,0,2,1
3246,0,0,0,37,8/2/2015,0.5,1,1,0,3,0
3248,3,2,5,37,8/5/2015,5.5,2,2,0,4,1
3251,2,0,2,37,8/6/2015,11.5,1,1,0,3,1
3252,1,0,1,37,8/6/2015,2.5,2,2,0,2,1
3256,0,0,0,37,8/8/2015,0.5,1,1,0,2,0
3257,0,0,0,37,8/8/2015,2.5,4,4,0,2,1
3258,0,0,0,37,8/8/2015,2,2,2,0,2,0
3259,0,5,5,37,8/8/2015,5,3,3,0,4,1
3261,0,0,0,37,8/8/2015,6.5,2,2,0,2,0
3263,0,0,0,37,8/8/2015,1,2,2,0,2,0
3264,0,0,0,37,8/8/2015,1.25,2,2,0,3,0
3265,1,0,1,37,8/11/2015,3.5,2,2,0,2,1
3266,0,0,0,37,8/14/2015,5,2,2,0,2,0
3267,0,0,0,37,8/15/2015,3.75,2,2,0,2,0
3269,0,0,0,37,8/15/2015,2,2,2,0,1,0
3270,0,0,0,37,8/15/2015,0.5,4,2,0,2,0
3271,0,0,0,37,8/15/2015,1.58,2,2,0,1,0
3274,0,1,1,37,8/16/2015,2,3,2,0,3,1
3275,0,0,0,37,8/16/2015,2.5,1,1,0,6,0
3277,0,0,0,37,9/7/2015,3.25,2,2,0,1,0
3278,0,0,0,37,9/7/2015,3.25,2,2,0,2,0
3281,0,0,0,37,9/7/2015,5.5,2,2,0,3,1
3282,0,0,0,37,9/7/2015,1.5,1,1,0,1,0
3283,0,0,0,38,6/1/2015,1.75,2,2,0,2,0
3285,0,0,0,38,6/2/2015,3,1,1,0,1,0
3286,0,0,0,38,6/2/2015,0.75,1,1,0,1,0
3287,2,0,2,38,6/2/2015,7.5,3,3,0,1,1
3290,8,0,8,38,6/7/2015,4.5,3,3,0,1,1
3291,2,4,6,38,6/7/2015,9,3,3,0,1,1
3292,0,0,0,38,6/7/2015,1.5,1,1,0,1,0
3293,1,11,12,38,6/7/2015,4.5,1,1,0,2,1
3294,0,1,1,38,6/7/2015,5,2,2,0,1,1
3295,0,2,2,38,6/13/2015,8.25,2,2,0,2,1
3296,0,1,1,38,6/13/2015,2,1,1,0,1,1
3297,0,2,2,38,6/13/2015,5.25,2,2,0,1,1
3298,0,1,1,38,6/13/2015,1,2,2,0,1,1
3300,3,0,3,38,6/13/2015,3,3,3,0,2,1
3305,0,0,0,38,6/14/2015,3,2,2,0,1,0
3306,0,0,0,38,6/14/2015,2.75,2,2,0,1,0
3307,1,15,16,38,6/14/2015,7,1,1,0,2,1
3308,0,1,1,38,6/14/2015,3.5,2,1,0,3,1
3310,0,0,0,38,6/14/2015,6,4,4,0,2,0
3313,0,1,1,38,6/17/2015,2.5,1,1,0,1,1
3314,3,0,3,38,6/17/2015,1.5,3,2,0,1,1
3317,0,14,14,38,6/17/2015,12,1,1,0,4,1
3318,1,0,1,38,6/17/2015,3.5,3,3,0,1,1
3319,0,8,8,38,6/18/2015,4.5,2,2,0,2,1
3320,0,10,10,38,6/18/2015,4.75,2,2,0,1,1
3321,1,4,5,38,6/19/2015,3,2,2,0,1,1
3322,0,0,0,38,6/19/2015,5,2,2,0,1,0
3324,0,2,2,38,6/20/2015,4.5,3,3,0,1,1
3325,3,3,6,38,6/20/2015,2.5,5,5,0,1,1
3326,1,0,1,38,6/20/2015,3,4,3,0,1,1
3327,0,0,0,38,6/20/2015,4.5,1,1,0,1,0
3328,0,4,4,38,6/21/2015,2,2,2,0,2,1
3329,2,3,5,38,6/21/2015,4,3,3,0,2,1
3330,0,16,16,38,6/21/2015,7,2,2,0,2,1
3331,0,2,2,38,6/21/2015,5,3,3,0,1,1
3332,0,0,0,38,6/21/2015,4,2,2,0,2,0
3333,2,0,2,38,6/21/2015,2.5,2,2,0,4,1
3334,0,1,1,38,6/23/2015,1.5,4,4,0,1,1
3335,0,0,0,38,6/23/2015,13.25,2,2,0,4,0
3336,3,2,5,38,6/24/2015,4,4,4,0,2,1
3337,0,0,0,38,6/24/2015,3,1,1,0,2,0
3338,0,0,0,38,6/27/2015,1,2,2,0,2,0
3339,2,4,6,38,6/27/2015,7,2,2,0,2,1
3341,0,0,0,38,6/28/2015,3,2,2,0,1,0
3342,2,1,3,38,6/28/2015,2.5,4,4,0,1,1
3346,0,0,0,38,7/5/2015,2,2,2,0,1,0
3347,0,0,0,38,7/5/2015,1,2,2,0,4,0
3349,0,0,0,38,7/5/2015,3,3,3,0,1,0
3350,3,0,3,38,7/5/2015,5,3,1,0,1,1
3351,0,0,0,38,7/5/2015,2.5,4,4,0,1,1
3352,0,0,0,38,7/5/2015,4.5,3,3,0,1,1
3353,6,0,6,38,7/5/2015,5,3,3,0,1,1
3354,0,0,0,38,7/5/2015,6,3,3,0,1,0
3357,0,1,1,38,7/9/2015,4.5,2,2,0,1,1
3359,2,16,18,38,7/10/2015,9,2,2,0,2,1
3360,1,17,18,38,7/10/2015,9,2,2,0,2,1
3361,0,0,0,38,7/10/2015,7,3,3,0,1,0
3362,2,6,8,38,7/11/2015,4,4,2,0,2,1
3363,1,3,4,38,7/11/2015,1.5,2,2,0,1,1
3364,3,1,4,38,7/12/2015,2.5,2,2,0,2,1
3365,1,0,1,38,7/12/2015,2,1,1,0,1,1
3367,0,10,10,38,7/13/2015,4.5,2,2,0,2,1
3368,0,3,3,38,7/13/2015,4.5,4,4,0,4,1
3370,1,6,7,38,7/19/2015,4.5,4,4,0,2,1
3371,1,2,3,38,7/19/2015,2.5,3,3,0,2,1
3373,0,0,0,38,7/19/2015,1.5,3,2,0,1,0
3374,0,0,0,38,7/19/2015,2.5,2,2,0,1,0
3379,1,6,7,38,8/8/2015,2.5,3,2,0,1,1
3381,0,0,0,38,8/8/2015,4.5,2,2,0,1,0
3382,1,1,2,38,8/8/2015,9.5,3,3,0,1,1
3383,1,14,15,38,8/8/2015,11.5,3,2,0,2,1
3387,0,0,0,38,8/15/2015,6,2,2,0,1,0
3388,0,0,0,38,8/15/2015,5,5,4,0,1,0
3390,1,0,1,38,8/15/2015,3.5,2,1,0,2,1
3392,1,0,1,38,8/15/2015,8.5,3,3,0,2,1
3393,3,6,9,38,8/15/2015,7.5,3,3,0,2,1
3394,0,1,1,38,8/15/2015,6,3,3,0,2,1
3395,2,6,8,38,8/16/2015,3,2,2,0,2,1
3396,0,0,0,38,8/16/2015,3,2,2,0,2,0
3397,3,0,3,38,8/16/2015,8.5,5,5,0,2,1
3398,0,0,0,38,8/30/2015,5.5,3,3,0,1,0
3400,4,0,4,37,5/30/2015,10.17,2,2,0,2,1
3403,1,0,1,37,5/31/2015,4.37,1,1,0,2,1
3414,0,4,4,39,5/21/2016,4.5,1,1,0,2,1
3420,0,0,0,39,5/23/2016,4.17,2,2,0,2,1
3421,1,0,1,39,5/23/2016,4.1,2,2,0,2,1
3422,0,0,0,39,5/29/2016,1.57,3,3,0,2,0
3423,0,0,0,39,5/29/2016,2.17,2,2,0,2,0
3424,2,0,2,39,5/29/2016,6,2,2,0,2,1
3425,4,0,4,39,5/29/2016,4.5,2,2,0,2,1
3428,0,0,0,39,6/5/2016,4,3,3,0,2,0
3429,1,6,7,39,6/10/2016,4,2,2,0,2,1
3432,0,0,0,39,6/10/2016,1,2,2,0,2,0
3433,0,0,0,39,6/12/2016,2,4,4,0,2,0
3435,1,0,1,39,6/12/2016,3,2,2,0,1,1
3436,3,0,3,39,6/12/2016,6,2,2,0,1,1
3437,1,0,1,39,6/12/2016,3,2,2,0,2,1
3439,1,0,1,39,6/12/2016,1,1,1,0,2,1
3440,0,0,0,39,6/12/2016,3.15,2,2,0,2,0
3441,0,1,1,39,6/12/2016,2.45,2,2,0,2,1
3443,0,0,0,39,6/16/2016,3,1,1,0,2,0
3444,0,0,0,39,6/18/2016,4,2,2,0,2,0
3445,5,0,5,39,6/18/2016,8,4,4,0,2,1
3446,0,0,0,39,6/18/2016,7.58,3,3,0,2,0
3447,0,0,0,39,6/18/2016,6,3,3,0,2,0
3448,0,1,1,39,6/18/2016,5,3,3,0,2,1
3449,0,2,2,39,6/18/2016,4.67,1,1,0,2,1
3450,0,0,0,39,6/18/2016,3,1,1,0,2,1
3453,0,0,0,39,6/19/2016,2,3,3,0,2,0
3456,0,0,0,39,6/19/2016,2.9,2,2,0,2,0
3457,2,0,2,39,6/19/2016,6,2,2,0,2,1
3458,0,0,0,39,6/21/2016,0.5,3,3,0,2,0
3459,0,0,0,39,6/29/2016,3,2,2,0,2,0
3461,0,0,0,39,6/29/2016,6,2,2,0,2,0
3463,2,4,6,39,6/30/2016,5,2,2,0,2,1
3464,0,4,4,39,6/30/2016,6,2,2,0,1,1
3467,0,0,0,39,7/2/2016,2,2,2,0,2,0
3468,1,0,1,39,7/2/2016,1.82,2,2,0,2,1
3469,0,2,2,39,7/2/2016,2.67,1,1,0,2,1
3470,0,0,0,39,7/3/2016,2,1,1,0,2,0
3471,0,1,1,39,7/3/2016,4.13,2,2,0,2,1
3472,0,0,0,39,7/3/2016,6,5,5,0,2,1
3473,0,0,0,39,7/3/2016,0.47,1,1,0,2,0
3474,0,0,0,39,7/3/2016,4,3,3,0,2,0
3475,0,0,0,39,7/3/2016,3.07,2,2,0,2,0
3476,0,1,1,39,7/3/2016,2.82,3,3,0,2,1
3477,0,0,0,39,7/7/2016,2,3,3,0,1,0
3478,0,2,2,39,7/7/2016,2.83,1,1,0,2,1
3479,0,0,0,39,7/7/2016,5.47,3,3,0,4,0
3480,0,0,0,39,7/8/2016,4.6,1,1,0,2,0
3481,0,4,4,39,7/8/2016,7.78,2,2,0,2,1
3482,0,1,1,39,7/10/2016,4,3,3,0,2,1
3483,0,0,0,39,7/10/2016,2.63,2,2,0,2,0
3484,0,10,10,39,7/10/2016,5,2,2,0,2,1
3485,0,0,0,39,7/10/2016,7.22,2,2,0,2,0
3486,0,0,0,39,7/10/2016,4.53,2,2,0,2,0
3487,0,0,0,39,7/10/2016,4.58,2,2,0,2,0
3488,1,5,6,39,7/10/2016,7.53,2,2,0,2,1
3489,3,0,3,39,7/10/2016,1.75,3,3,0,2,1
3490,0,6,6,39,7/10/2016,9.38,3,3,0,1,1
3491,0,7,7,39,7/10/2016,10.25,2,2,0,1,1
3492,0,0,0,39,7/11/2016,3,2,2,0,2,0
3494,1,1,2,39,7/19/2016,4,2,2,0,2,1
3495,0,0,0,39,7/19/2016,3,2,2,0,2,0
3496,1,0,1,39,7/20/2016,5.67,3,3,0,2,1
3497,0,0,0,39,7/20/2016,2.83,2,2,0,2,0
3498,0,0,0,39,7/20/2016,5.32,3,3,0,2,0
3499,0,0,0,39,7/20/2016,2.62,2,2,0,2,0
3501,0,0,0,39,7/23/2016,2.87,4,4,0,2,0
3502,0,0,0,39,7/23/2016,5.63,2,2,0,4,0
3503,0,0,0,39,7/23/2016,2,4,4,0,2,0
3505,0,0,0,39,7/24/2016,1.87,1,1,0,2,0
3506,0,1,1,39,7/24/2016,6.33,5,5,0,2,1
3508,0,0,0,39,7/24/2016,3.5,4,4,0,2,0
3509,0,0,0,39,7/24/2016,3.5,2,2,0,2,0
3510,0,0,0,39,7/24/2016,6.25,4,4,0,2,0
3512,0,0,0,39,7/29/2016,3.87,4,4,0,2,0
3513,1,0,1,39,7/29/2016,2.93,3,3,0,6,1
3514,0,0,0,39,7/30/2016,4,2,2,0,2,0
3515,0,0,0,39,7/30/2016,1.4,2,2,0,2,0
3516,0,0,0,39,7/30/2016,9.33,4,4,1,4,1
3517,1,0,1,39,7/30/2016,4.92,2,2,0,2,1
3518,0,5,5,39,7/30/2016,5.35,2,2,0,2,1
3519,0,13,13,39,7/30/2016,5.77,2,2,0,2,1
3520,0,0,0,39,7/30/2016,10.67,3,3,0,2,1
3523,1,1,2,39,8/6/2016,1.02,2,2,0,2,1
3524,0,0,0,39,8/6/2016,3.98,3,3,0,2,0
3525,0,0,0,39,8/6/2016,2,2,2,0,2,0
3526,0,0,0,39,8/6/2016,4.1,3,3,0,2,0
3527,0,0,0,39,8/6/2016,4.95,2,2,0,2,0
3528,1,0,1,39,8/7/2016,0.17,1,1,0,2,1
3529,0,0,0,39,8/7/2016,2,2,2,0,2,0
3530,0,0,0,39,8/7/2016,4.37,3,3,0,2,0
3531,0,0,0,39,8/7/2016,5.8,2,2,0,2,0
3532,0,0,0,39,8/7/2016,3,2,2,0,2,0
3533,0,0,0,39,8/7/2016,2.42,2,2,0,2,0
3534,0,0,0,39,8/7/2016,4.12,3,3,0,2,0
3535,0,0,0,39,8/10/2016,4.68,2,2,0,2,0
3536,0,0,0,39,8/10/2016,7.03,2,2,0,2,0
3538,0,0,0,39,8/10/2016,5.12,3,3,0,1,1
3539,0,0,0,39,8/18/2016,0.5,1,1,0,2,0
3541,0,0,0,39,8/20/2016,3,3,3,0,2,0
3542,0,0,0,39,8/27/2016,2.73,2,2,0,2,0
3543,0,0,0,39,8/27/2016,6.17,2,2,0,2,0
3544,0,0,0,39,8/27/2016,2.5,2,2,0,2,0
3545,0,0,0,39,8/27/2016,7.12,2,2,0,2,0
3546,0,0,0,39,8/28/2016,2.23,2,2,0,2,0
3547,0,0,0,39,8/28/2016,1.35,2,2,0,2,0
3548,0,0,0,39,8/30/2016,2.78,2,2,0,1,0
3549,0,0,0,39,9/3/2016,2,2,2,0,2,0
3550,0,0,0,39,9/3/2016,10,2,2,0,2,0
3551,0,0,0,39,9/3/2016,6.32,2,2,0,2,0
3552,0,0,0,39,9/3/2016,5.13,2,2,0,2,0
3553,0,0,0,39,9/3/2016,4.68,2,2,0,2,0
3656,0,0,0,42,5/22/2016,0.67,2,2,0,3,0
3658,0,1,1,42,5/22/2016,0.75,2,2,0,2,1
3659,0,0,0,42,5/22/2016,2,3,3,0,2,0
3661,0,0,0,42,5/22/2016,0.5,2,2,0,3,0
3665,1,1,2,42,5/22/2016,2.25,3,3,0,2,1
3667,0,1,1,42,5/22/2016,2.5,2,2,0,2,1
3668,0,1,1,42,5/22/2016,1.5,2,2,0,2,1
3669,0,0,0,42,5/22/2016,1,2,2,0,4,1
3670,0,0,0,42,5/23/2016,3,1,1,0,3,0
3671,0,0,0,42,5/23/2016,2.5,2,2,0,2,0
3673,1,1,2,42,5/23/2016,2,2,2,0,2,1
3677,0,0,0,42,5/29/2016,2.25,2,2,0,3,0
3678,0,11,11,42,5/29/2016,7,2,2,0,3,1
3679,0,5,5,42,5/29/2016,9,2,2,0,3,1
3680,0,0,0,42,5/29/2016,1.5,2,2,0,5,1
3682,0,0,0,42,5/29/2016,1.5,1,1,0,3,0
3683,1,0,1,42,6/2/2016,2,1,1,0,6,1
3684,0,5,5,42,6/2/2016,7,2,2,0,1,1
3686,0,15,15,42,6/4/2016,9,4,4,1,4,1
3689,0,0,0,42,6/4/2016,3.5,4,4,0,3,0
3690,0,0,0,42,6/4/2016,3,2,2,0,2,0
3691,1,0,1,42,6/4/2016,6,3,3,0,3,1
3692,2,1,3,42,6/4/2016,6,4,4,0,2,1
3693,0,0,0,42,6/4/2016,4.5,2,2,0,2,0
3694,0,0,0,42,6/4/2016,1,2,2,0,2,0
3695,3,32,35,42,6/4/2016,10.5,3,3,0,2,1
3696,1,0,1,42,6/5/2016,1,3,3,0,2,1
3697,1,0,1,42,6/5/2016,2,2,2,0,2,1
3698,2,0,2,42,6/5/2016,1.5,1,1,0,2,1
3699,0,0,0,42,6/5/2016,3,4,4,0,3,0
3700,2,0,2,42,6/5/2016,2,2,2,0,3,1
3703,0,10,10,42,6/5/2016,6,4,4,1,4,1
3704,0,1,1,42,6/5/2016,3.5,2,2,0,5,1
3706,0,2,2,42,6/5/2016,2.5,2,2,0,2,1
3707,0,0,0,42,6/5/2016,2.33,1,1,0,2,0
3709,0,0,0,42,6/5/2016,3,2,2,0,3,1
3711,0,0,0,42,6/6/2016,2.75,3,3,0,3,0
3712,0,1,1,42,6/6/2016,2,1,1,0,5,1
3714,0,15,15,42,6/10/2016,8.5,2,2,0,5,1
3715,1,0,1,42,6/10/2016,2,2,2,0,3,1
3720,2,0,2,42,6/12/2016,3.25,4,4,0,2,1
3721,4,0,4,42,6/12/2016,4.08,2,2,0,1,1
3722,1,0,1,42,6/12/2016,3.5,2,2,0,3,1
3723,1,1,2,42,6/12/2016,5.5,2,2,0,2,1
3724,0,0,0,42,6/12/2016,6,1,1,0,5,0
3725,1,0,1,42,6/12/2016,2.75,4,4,0,2,1
3727,0,2,2,42,6/14/2016,3.75,2,2,0,4,1
3728,0,0,0,42,6/14/2016,1.5,1,1,0,5,0
3729,1,0,1,42,6/14/2016,2.5,1,1,0,6,1
3730,0,1,1,42,6/14/2016,1,1,1,1,4,1
3731,0,1,1,42,6/15/2016,1.75,1,1,0,5,1
3732,0,0,0,42,6/15/2016,3.25,2,2,0,6,0
3733,0,5,5,42,6/15/2016,4.5,2,2,1,4,1
3734,0,16,16,42,6/15/2016,2,2,2,0,4,1
3735,2,0,2,42,6/24/2016,4,3,3,0,2,1
3737,2,6,8,42,6/24/2016,6,3,3,0,2,1
3738,3,0,3,42,6/24/2016,10.33,2,2,0,4,1
3739,0,5,5,42,6/25/2016,2.5,2,2,0,2,1
3743,0,3,3,42,6/25/2016,5.5,3,3,0,2,1
3744,0,3,3,42,6/25/2016,5,2,2,0,2,1
3745,0,0,0,42,6/25/2016,0.5,1,1,0,3,1
3746,1,3,4,42,6/25/2016,11,2,2,0,2,1
3747,0,0,0,42,6/26/2016,0.42,2,2,0,2,0
3749,1,0,1,42,6/26/2016,1,1,1,0,6,1
3753,0,5,5,42,6/30/2016,3.25,2,2,0,2,1
3754,1,0,1,42,6/30/2016,1.75,3,3,0,4,1
3755,0,1,1,42,6/30/2016,4.5,3,3,0,2,1
3756,2,5,7,42,6/30/2016,4.25,3,3,0,2,1
3757,0,0,0,42,7/2/2016,2,2,2,0,2,0
3759,0,4,4,42,7/2/2016,4.25,2,2,0,2,1
3760,0,3,3,42,7/2/2016,2.75,2,2,0,2,1
3761,0,2,2,42,7/2/2016,5.25,2,2,0,2,1
3762,0,0,0,42,7/2/2016,1.25,2,2,0,2,0
3763,0,0,0,42,7/2/2016,2,2,2,0,2,0
3764,0,0,0,42,7/2/2016,2.5,2,2,0,2,0
3765,0,0,0,42,7/2/2016,2.5,2,2,0,2,0
3766,3,2,5,42,7/2/2016,12,2,2,0,2,1
3769,1,0,1,42,7/3/2016,1.75,3,3,0,2,1
3770,0,0,0,42,7/3/2016,1.75,3,3,0,2,0
3772,1,0,1,42,7/3/2016,0.75,1,1,0,2,1
3773,0,2,2,42,7/3/2016,1.25,2,2,0,2,1
3774,2,16,18,42,7/7/2016,5,4,4,0,2,1
3776,0,0,0,42,7/7/2016,6,2,2,0,6,0
3777,1,15,16,42,7/7/2016,10,4,4,1,6,1
3778,0,15,15,42,7/8/2016,6,4,4,1,6,1
3779,1,0,1,42,7/8/2016,7.25,2,2,0,6,1
3780,3,0,3,42,7/10/2016,2,4,4,0,3,1
3781,0,2,2,42,7/10/2016,4,2,2,0,2,1
3783,0,0,0,42,7/10/2016,3.33,2,2,0,6,0
3791,2,0,2,42,7/19/2016,5.5,2,2,0,3,1
3792,1,0,1,42,7/20/2016,2,1,1,0,3,1
3793,0,0,0,42,7/20/2016,3.25,2,2,0,3,0
3794,0,0,0,42,7/23/2016,0.5,2,2,0,2,0
3795,0,0,0,42,7/23/2016,0.25,2,2,0,2,0
3796,1,0,1,42,7/23/2016,3.25,1,1,0,3,1
3797,0,0,0,42,7/23/2016,5.25,2,2,0,3,0
3798,2,0,2,42,7/23/2016,5,3,3,0,3,1
3799,6,0,6,42,7/23/2016,7.75,2,2,0,3,1
3800,0,0,0,42,7/23/2016,2.5,3,3,0,3,0
3801,0,0,0,42,7/23/2016,1,2,2,0,3,0
3802,1,0,1,42,7/23/2016,3,3,3,0,3,1
3803,1,0,1,42,7/21/2016,1,3,3,0,3,1
3804,0,0,0,42,7/21/2016,1.25,2,2,0,3,0
3806,0,0,0,42,7/21/2016,2.25,2,2,0,3,0
3808,3,10,13,42,7/29/2016,5.75,3,3,1,4,1
3809,1,0,1,42,7/29/2016,2.75,2,2,0,2,1
3812,0,0,0,42,7/30/2016,7,2,2,1,4,1
3815,3,0,3,42,7/30/2016,2.5,3,3,0,2,1
3816,1,0,1,42,7/30/2016,3.75,2,2,0,2,1
3817,0,9,9,42,7/30/2016,10.25,2,2,0,2,1
3818,2,1,3,42,7/30/2016,8.75,2,2,0,2,1
3819,0,0,0,42,7/30/2016,1,2,2,0,2,0
3820,0,0,0,42,8/1/2016,2,2,2,0,2,0
3822,0,0,0,42,8/1/2016,6.5,2,2,0,2,0
3823,0,0,0,42,8/5/2016,2.25,4,4,0,1,0
3824,4,0,4,42,8/5/2016,7,3,3,0,2,1
3826,4,0,4,42,8/6/2016,3.75,2,2,0,2,1
3830,0,0,0,42,8/6/2016,5,3,3,0,2,0
3834,0,11,11,42,8/10/2016,10,1,1,0,6,1
3839,0,0,0,42,8/13/2016,8,2,2,0,2,0
3840,0,0,0,42,8/14/2016,4,2,2,0,2,0
3844,1,3,4,42,8/14/2016,4,2,2,0,2,1
3850,3,0,3,42,8/18/2016,5.67,3,3,0,2,1
3852,1,0,1,42,8/19/2016,4,3,3,0,2,1
3855,0,0,0,42,8/27/2016,2.5,2,2,0,2,0
3856,1,0,1,42,8/27/2016,1,2,2,0,2,1
3857,0,0,0,42,8/27/2016,1.5,2,2,0,2,0
3858,1,0,1,42,8/27/2016,4,2,2,0,2,1
3859,1,0,1,42,8/27/2016,1.5,3,3,0,2,1
3860,2,0,2,42,8/28/2016,3.5,2,2,0,2,1
3861,2,0,2,42,8/28/2016,2,2,2,0,2,1
3862,2,6,8,42,8/28/2016,2,1,1,0,2,1
3863,0,0,0,42,8/28/2016,1.25,2,2,0,6,0
3864,0,0,0,42,8/28/2016,3.25,2,2,0,5,0
3865,0,1,1,42,8/28/2016,3.25,2,2,0,2,1
3867,3,7,10,42,8/30/2016,6,2,2,0,3,1
3868,0,0,0,42,9/3/2016,4.5,4,4,0,2,1
3869,2,0,2,42,9/3/2016,5.25,2,2,0,2,1
3870,0,0,0,42,9/3/2016,5.5,2,2,0,2,1
3871,1,2,3,42,9/3/2016,3.5,2,2,0,2,1
4554,0,0,0,49,6/3/2017,1,3,3,0,2,0
4557,0,26,26,49,6/3/2017,6,2,2,0,2,1
4558,0,0,0,49,6/3/2017,4.25,2,2,0,2,1
4559,0,0,0,49,6/3/2017,1.25,3,3,0,2,0
4563,0,0,0,49,6/3/2017,1,6,6,0,2,1
4564,0,0,0,49,6/9/2017,3.25,2,2,0,4,1
4565,0,0,0,49,6/9/2017,4.5,1,1,0,4,1
4567,0,0,0,49,6/9/2017,3,3,3,0,2,1
4568,0,9,9,49,6/9/2017,4.5,3,3,1,2,1
4571,0,1,1,49,6/9/2017,1.5,2,2,0,2,1
4575,0,3,3,49,6/11/2017,4.75,2,2,0,2,1
4577,0,1,1,49,6/11/2017,2.25,4,4,0,2,1
4582,1,0,1,49,6/11/2017,2.25,2,2,1,2,1
4589,0,1,1,49,6/20/2017,5,2,2,0,2,1
4592,0,3,3,49,7/1/2017,3.75,2,2,0,2,1
4593,0,3,3,49,7/1/2017,4.25,1,1,0,2,1
4595,0,1,1,49,7/1/2017,5,2,2,0,2,1
4598,0,2,2,49,7/3/2017,2.5,2,2,0,2,1
4627,0,0,0,49,8/5/2017,1.5,2,2,0,2,1
4633,0,1,1,49,8/20/2017,3.25,3,3,0,2,1
4647,0,3,3,50,5/22/2017,1.33,3,3,0,2,1
4650,1,0,1,50,5/22/2017,1,1,1,0,2,1
4661,0,0,0,50,6/5/2017,5.25,2,2,0,3,1
4662,0,0,0,50,6/10/2017,1,3,3,0,2,1
4690,0,1,1,50,7/2/2017,5,3,3,0,2,1
4725,0,2,2,51,5/22/2017,3.42,3,3,0,3,1
4727,0,4,4,51,6/10/2017,8.5,2,2,0,6,1
